iteration,metabolite_smiles,metabolite_pred,metabolite_proba,metabolite_optimal_threshold_from_train,metabolite_pred_optimal,dataset,featurespace
1,['[O-]c1ccc2c(c1)CCC(c1ccccc1)C2c1ccc(OCC[N+]2(O)CCCC2)cc1'],[0.],[0.49989093],0.49009421294715416,[1],Metabolite Compounds Train,morgan_fingerprint
2,['O=C([O-])COCC[N+]1(O)CC[NH+](C(c2ccccc2)c2ccc(Cl)cc2)CC1'],[0.],[0.49991647],0.490094212947154,[1],Metabolite Compounds Train,morgan_fingerprint
3,['[NH3+]C[C@H]1C[C@@H]1c1cccc2c1CCO2'],[0.],[0.49986516],0.6007726735715224,[0],Metabolite Compounds Train,morgan_fingerprint
4,['N=c1[n-]c(=O)[n-]c2c1ncn2C1OC(CO)C(O)C1O'],[0.],[0.49990838],0.4900942129471541,[1],Metabolite Compounds Train,morgan_fingerprint
5,['O=c1[n-]c2ccc(Cl)cc2[n-]1'],[1.],[0.50001417],0.4900942129471541,[1],Metabolite Compounds Train,morgan_fingerprint
6,['CC(O)Cn1cnc2c(N)ncnc21'],[0.],[0.49988045],0.6007726735715224,[0],Metabolite Compounds Train,morgan_fingerprint
7,['Cc1c(C(=O)[N-]N2CCC[C@H](O)C2)nn(-c2ccc(Cl)cc2Cl)c1-c1ccc(Cl)cc1'],[0.],[0.49996614],0.6007726735715224,[0],Metabolite Compounds Train,morgan_fingerprint
8,['O=C([O-])CCC1C=CC=N1'],[0.],[0.49981016],0.490094212947154,[1],Metabolite Compounds Train,morgan_fingerprint
9,['NS(=O)(=O)c1cc(C2(NC(=O)c3ccccc3)NC(=O)c3cc([O-])ccc32)ccc1Cl'],[0.],[0.49991008],0.4900942129471541,[1],Metabolite Compounds Train,morgan_fingerprint
10,['CC(NC(=O)Cc1ccccc1)C(O)c1ccccc1'],[0.],[0.49999423],0.4900942129471541,[1],Metabolite Compounds Train,morgan_fingerprint
11,['CC(O)CCn1ncn(-c2ccc(N3CCN(c4ccc(OCC5COC(Cn6cncn6)(c6ccc(Cl)cc6Cl)O5)cc4)CC3)cc2)c1=O'],[0.],[0.4999901],0.49009421294715416,[1],Metabolite Compounds Train,morgan_fingerprint
12,['Cc1[n-]cnc1C[NH+]1CCc2c(c3cc([O-])ccc3n2C)C1=O'],[1.],[0.50036454],0.4900942129471541,[1],Metabolite Compounds Train,morgan_fingerprint
13,['CC[C@]1(O)C[C@H]2[CH][C@](C(=O)OC)(c3cc4c(cc3OC)[NH+](C)[C@@H]3C45CC[NH+]4CC=C[C@](CC)([C@H]45)[C@@H](O)[C@]3(O)C(=O)OC)c3[nH]c4ccccc4c3CC[NH+](C2)C1'],[0.],[0.49996303],0.4900942129471541,[1],Metabolite Compounds Train,morgan_fingerprint
14,['CC(=O)[NH+]1CCN(c2ccc(OCC3COC(CN4C=[NH+]C5OC54)(c4ccc(Cl)cc4Cl)O3)cc2)CC1'],[1.],[0.50003309],0.49009421294715416,[1],Metabolite Compounds Train,morgan_fingerprint
15,['Cc1c([O-])c(=O)c([O-])c([O-])n1C'],[1.],[0.50005428],0.490094212947154,[1],Metabolite Compounds Train,morgan_fingerprint
16,['CC1(C)OC2CO[C@@]3(CO)OC(C)(C)OC3C2O1'],[0.],[0.499961],0.4900942129471541,[1],Metabolite Compounds Train,morgan_fingerprint
17,['OCc1ccnc2c1N=C(O)c1cccnc1[NH+]2C1CC1'],[1.],[0.50013806],0.49009421294715416,[1],Metabolite Compounds Train,morgan_fingerprint
18,['Cc1c(C(=O)[O-])nn(-c2ccc(Cl)cc2Cl)c1-c1ccc(Cl)cc1'],[0.],[0.499913],0.490094212947154,[1],Metabolite Compounds Train,morgan_fingerprint
19,['CC([NH2+]CCC(O)c1cccc(C(F)(F)F)c1)c1cccc2ccccc12'],[1.],[0.50000795],0.5986714337353471,[0],Metabolite Compounds Train,morgan_fingerprint
20,['COc1c2occc2c([O-])c2ccc(=O)oc12'],[0.],[0.49999524],0.5986714337353471,[0],Metabolite Compounds Train,morgan_fingerprint
21,['C[NH2+]CCC(Oc1ccc([O-])c2ccccc12)c1ccco1'],[0.],[0.4997595],0.4900942129471541,[1],Metabolite Compounds Train,morgan_fingerprint
22,['CCC(C)C(=O)OC1CC(C)CC2C=CC(C)C(CCC3CC(O)CC(=O)O3)C21'],[1.],[0.50012776],0.490094212947154,[1],Metabolite Compounds Train,morgan_fingerprint
23,['CC1C[NH+](CC(Cc2ccccc2)C(=O)NCC(=O)OC2O[C@H](C(=O)[O-])[C@@H](O)[C@H](O)[C@H]2O)CC1(C)c1cccc([O-])c1'],[1.],[0.50008735],0.490094212947154,[1],Metabolite Compounds Train,morgan_fingerprint
24,['Nc1c(Cl)cc(C(=O)NC2CC[NH+](CCCO)CC2)c2c1C(O)CO2'],[1.],[0.50003096],0.4900942129471541,[1],Metabolite Compounds Train,morgan_fingerprint
25,['CC(C)CNS(=O)(=O)c1ccc(N)cc1'],[1.],[0.50004073],0.5986714337353473,[0],Metabolite Compounds Train,morgan_fingerprint
26,['Nc1ccc(S(=O)(=O)NCC(O)C(Cc2ccccc2)NC(=O)OC2COC3OCCC23)cc1'],[0.],[0.4995544],0.598671433735347,[0],Metabolite Compounds Train,morgan_fingerprint
27,['CCOC(=O)C1(c2ccccc2)CC[N+](C)(O)CC1'],[0.],[0.49996611],0.6007726735715225,[0],Metabolite Compounds Train,morgan_fingerprint
28,['Nc1nc(=O)c2c([n-]1)NCC(CNc1ccc(C(=O)NC(CCC(=O)[O-])C(=O)[O-])cc1)=N2'],[0.],[0.49988716],0.4900942129471541,[1],Metabolite Compounds Train,morgan_fingerprint
29,['Nc1ccc(Nc2ccc(N)[n-]c2=O)cc1'],[1.],[0.50000433],0.4900942129471541,[1],Metabolite Compounds Train,morgan_fingerprint
30,['O=C1[N-]C(=O)C(C2=CC3OC3C=C2)(c2ccccc2)N1'],[0.],[0.49988168],0.598671433735347,[0],Metabolite Compounds Train,morgan_fingerprint
31,['CC(=O)C(O)c1ccccc1'],[0.],[0.49962699],0.4900942129471541,[1],Metabolite Compounds Train,morgan_fingerprint
32,['[NH3+]CCCOc1nn(Cc2ccccc2)c2ccccc12'],[0.],[0.4998462],0.5986714337353471,[0],Metabolite Compounds Train,morgan_fingerprint
33,['COC(=O)c1c(C)nc(C)c(C(=O)[O-])c1-c1ccccc1[N+](=O)[O-]'],[1.],[0.50015779],0.4900942129471541,[1],Metabolite Compounds Train,morgan_fingerprint
34,['CNC(=O)c1ccccc1S(=O)c1ccc2c(C=Cc3ccccn3)[n-]nc2c1[O-]'],[0.],[0.49963812],0.598671433735347,[0],Metabolite Compounds Train,morgan_fingerprint
35,['CNC(=O)OCC(O)COc1ccccc1[O-]'],[0.],[0.49994585],0.5986714337353471,[0],Metabolite Compounds Train,morgan_fingerprint
36,['Cc1ccc(Nc2nccc(N(C)c3ccc4c(CO)n(C)nc4c3)n2)cc1S(N)(=O)=O'],[0.],[0.49990694],0.6007726735715225,[0],Metabolite Compounds Train,morgan_fingerprint
37,['CC1CC2C3C(O)C=C4CC(=O)C=CC4(C)C3(F)C(O)CC2(C)C1=C=O'],[1.],[0.50005171],0.5986714337353471,[0],Metabolite Compounds Train,morgan_fingerprint
38,['[NH3+]CCS(=O)[O-]'],[1.],[0.50019565],0.598671433735347,[0],Metabolite Compounds Train,morgan_fingerprint
39,['COC(=O)c1c(C)nc(C)c(C(=O)OCC[NH+](C)Cc2ccccc2)c1-c1cccc(N)c1'],[0.],[0.49997022],0.5986714337353471,[0],Metabolite Compounds Train,morgan_fingerprint
40,['CC([NH3+])C(=O)c1ccccc1[O-]'],[0.],[0.49994013],0.598671433735347,[0],Metabolite Compounds Train,morgan_fingerprint
41,['CC(=O)Nc1ccc(S(=O)(=O)N=c2nccc[n-]2)cc1'],[0.],[0.49960667],0.4900942129471541,[1],Metabolite Compounds Train,morgan_fingerprint
42,['O=C(C1CC1)C(c1ccccc1F)[NH+]1CCc2sc([O-])cc2C1O'],[0.],[0.49998113],0.5288894204791516,[0],Metabolite Compounds Train,morgan_fingerprint
43,['CC([NH2+]C(C)(C)C)C(=O)c1ccccc1'],[1.],[0.50005719],0.5986714337353471,[0],Metabolite Compounds Train,morgan_fingerprint
44,['Cc1cccc(C)c1[O-]'],[1.],[0.50014796],0.5288894204791517,[0],Metabolite Compounds Train,morgan_fingerprint
45,['COc1ccccc1OCC(CO)OC(N)=O'],[1.],[0.50013067],0.4900942129471541,[1],Metabolite Compounds Train,morgan_fingerprint
46,['Cc1nc2cc(Cl)c(S(N)(=O)=O)cc2c(=O)n1-c1ccccc1CO'],[1.],[0.50003828],0.4900942129471541,[1],Metabolite Compounds Train,morgan_fingerprint
47,['Nc1ccc(N(O)c2ccccc2)c(=O)[n-]1'],[0.],[0.49994105],0.4900942129471541,[1],Metabolite Compounds Train,morgan_fingerprint
48,['COc1cc2c(cc1OC)CC(=O)[NH+](CCC[NH2+]CC1Cc3cc(OC)c(OC)cc31)CC2'],[0.],[0.49997302],0.5288894204791517,[0],Metabolite Compounds Train,morgan_fingerprint
49,['O=c1[n-]ccn1N=Cc1ccc([N+](=O)[O-])o1'],[1.],[0.50018053],0.490094212947154,[1],Metabolite Compounds Train,morgan_fingerprint
50,['COc1c(C)c2c(c([O-])c1C/C=C(\\C)CCC=O)C(=O)OC2'],[1.],[0.50001685],0.5288894204791518,[0],Metabolite Compounds Train,morgan_fingerprint
51,['C[NH2+]CC(c1ccc([O-])cc1)C1(O)CCCCC1'],[1.],[0.50003273],0.5288894204791517,[0],Metabolite Compounds Train,morgan_fingerprint
52,['N=c1[n-]c(=O)c2nc(-c3ccccc3)c(=N)[n-]c2[n-]1'],[1.],[0.50001791],0.4900942129471541,[1],Metabolite Compounds Train,morgan_fingerprint
53,['COc1c2c(cc3ccc(=O)oc13)C(O)CO2'],[0.],[0.49988259],0.4900942129471541,[1],Metabolite Compounds Train,morgan_fingerprint
54,['O[C@H]1CO[C@H]2[C@H]1OC[C@@H]2O'],[1.],[0.50003379],0.6007726735715224,[0],Metabolite Compounds Train,morgan_fingerprint
55,['COc1cc(Br)c(C[NH+]2CCOCC2)cc1[O-]'],[1.],[0.50034657],0.5288894204791516,[0],Metabolite Compounds Train,morgan_fingerprint
56,['NS(=O)(=O)Cc1noc2ccc([O-])cc12'],[0.],[0.49977138],0.5986714337353471,[0],Metabolite Compounds Train,morgan_fingerprint
57,['CCNC(=O)C1(c2ccccc2)CC1C[NH3+]'],[0.],[0.4999861],0.4900942129471541,[1],Metabolite Compounds Train,morgan_fingerprint
58,['CCCC(=O)Nc1ccc(OCC(O)CO)c(C(C)=O)c1'],[1.],[0.5005301],0.4900942129471541,[1],Metabolite Compounds Train,morgan_fingerprint
59,['CC(C)[NH2+]C(=O)[N-]S(=O)(=O)c1c[n-]ccc1=O'],[0.],[0.49980477],0.49009421294715416,[1],Metabolite Compounds Train,morgan_fingerprint
60,['C[NH+]1C(CCl)N(S(=O)(=O)[O-])c2cc(Cl)c(S(N)(=O)=O)cc2S1(=O)=O'],[0.],[0.49990571],0.5288894204791516,[0],Metabolite Compounds Train,morgan_fingerprint
61,['NP(=O)([NH2+]CCCl)OCCCO'],[0.],[0.49988038],0.4900942129471541,[1],Metabolite Compounds Train,morgan_fingerprint
62,['[O-]c1ccccc1OCC[NH2+]CC(O)COc1cccc2[nH]c3ccccc3c12'],[0.],[0.49986805],0.5288894204791517,[0],Metabolite Compounds Train,morgan_fingerprint
63,['CC(COc1ccccc1)[NH+](CCCl)Cc1ccc([O-])cc1'],[0.],[0.49970925],0.5288894204791518,[0],Metabolite Compounds Train,morgan_fingerprint
64,['Cc1cccc(C)c1NC(=O)C[NH+]1CC[NH+](CC(O)COc2ccccc2[O-])CC1'],[0.],[0.49991668],0.5288894204791517,[0],Metabolite Compounds Train,morgan_fingerprint
65,['CN1C(CO)=[NH+]c2cc(Cl)c(S(N)(=O)=O)cc2S1(=O)=O'],[0.],[0.49994851],0.5288894204791517,[0],Metabolite Compounds Train,morgan_fingerprint
66,['O=c1[n-]c2cc(Cl)ccc2n1C1CC[NH2+]CC1O'],[0.],[0.49962127],0.5288894204791516,[0],Metabolite Compounds Train,morgan_fingerprint
67,['O=C(COCC[NH+]1CC[NH+](C(c2ccccc2)c2ccc(Cl)cc2)CC1)NCCO'],[1.],[0.50007001],0.5288894204791517,[0],Metabolite Compounds Train,morgan_fingerprint
68,['C[NH+](C)CCCN1c2cc(Cl)ccc2CCc2c([O-])cccc21'],[0.],[0.49992617],0.5288894204791516,[0],Metabolite Compounds Train,morgan_fingerprint
69,['O=c1[n-]c2ccc(Cl)cc2n1C1CC[NH2+]CC1'],[0.],[0.49994875],0.5986714337353471,[0],Metabolite Compounds Train,morgan_fingerprint
70,['C[NH2+]CCC(Oc1cccc2c(OS(=O)(=O)[O-])c(OC)ccc12)c1ccco1'],[0.],[0.49998936],0.4900942129471541,[1],Metabolite Compounds Train,morgan_fingerprint
71,['CSCC[NH3+]'],[0.],[0.4999522],0.5986714337353469,[0],Metabolite Compounds Train,morgan_fingerprint
72,['C[NH+]1C(COCC(F)(F)F)[NH2+]c2cc(Cl)c(S(N)(=O)=O)cc2S1(=O)=O'],[0.],[0.49990504],0.6007726735715224,[0],Metabolite Compounds Train,morgan_fingerprint
73,['CC1(C)OC2C(CO)OC(O)(CO)C2O1'],[1.],[0.50016965],0.5288894204791517,[0],Metabolite Compounds Train,morgan_fingerprint
74,['Cc1nccn1CC1CCC2C(=O)c3cc([O-])ccc3[NH+]2C1=O'],[0.],[0.49965236],0.5288894204791516,[0],Metabolite Compounds Train,morgan_fingerprint
75,['CC12CCC(=O)C=C1CCC1C2C(=O)CC2(C)C1CCC2(O)C(=O)CO'],[0.],[0.49986469],0.5503088932567195,[0],Metabolite Compounds Train,morgan_fingerprint
76,['CC(C)[NH2+]C[C@H](O)COc1ccc(CCO)cc1'],[0.],[0.49979022],0.598671433735347,[0],Metabolite Compounds Train,morgan_fingerprint
77,['O=C1CN=C(c2ccccc2)c2cc(Cl)ccc2[NH+]1CO'],[0.],[0.49994246],0.4900942129471541,[1],Metabolite Compounds Train,morgan_fingerprint
78,['O=S(=O)([O-])c1cc2c(cc1C(F)(F)F)[NH+]=CNS2(=O)=O'],[1.],[0.50004939],0.49009421294715416,[1],Metabolite Compounds Train,morgan_fingerprint
79,['[NH3+]C12CC3CC(C1)C(O)(C3)C2'],[1.],[0.50013866],0.5288894204791517,[0],Metabolite Compounds Train,morgan_fingerprint
80,['Nc1nnc(-c2ccc([O-])c(Cl)c2Cl)c(N)n1'],[1.],[0.50008399],0.490094212947154,[1],Metabolite Compounds Train,morgan_fingerprint
81,['COc1ccc(CN=c2[n-]c([NH+]3CCCC3C(=O)[O-])ncc2C(=O)NCc2ncccn2)cc1Cl'],[1.],[0.50003167],0.5288894204791517,[0],Metabolite Compounds Train,morgan_fingerprint
82,['O=c1ccn(C2CCOC2)c2cc3c(Nc4ccc(F)c(Cl)c4)ncnc3nc12'],[1.],[0.50004106],0.490094212947154,[1],Metabolite Compounds Train,morgan_fingerprint
83,['NC(=O)N1c2ccccc2C=Cc2cc([O-])ccc21'],[0.],[0.49983587],0.4900942129471541,[1],Metabolite Compounds Train,morgan_fingerprint
84,['CC(C)NC(=O)OCC1(C)COC(=O)N1'],[0.],[0.49988319],0.5288894204791517,[0],Metabolite Compounds Train,morgan_fingerprint
85,['O=S(=O)([O-])OC1C(OC2COC(O)C(O)C2O)OCC(O)C1O'],[0.],[0.49993783],0.5288894204791516,[0],Metabolite Compounds Train,morgan_fingerprint
86,['CC(=O)C1CCn2c(C(=O)c3ccccc3)ccc21'],[1.],[0.50003505],0.4900942129471541,[1],Metabolite Compounds Train,morgan_fingerprint
87,['CC[NH+](CC)CCOC(=O)C1(C2CCC(O)CC2)CCCCC1'],[0.],[0.4998992],0.5288894204791517,[0],Metabolite Compounds Train,morgan_fingerprint
88,['COCCCOc1cc(C[C@@H](O)[C@@H]([NH3+])C[C@@H](O)C(C)C)ccc1[O-]'],[1.],[0.50000845],0.5288894204791516,[0],Metabolite Compounds Train,morgan_fingerprint
89,['Cc1cc2ccc([O-])cc2n1NC(=O)c1ccc(Cl)c(S(N)(=O)=O)c1'],[0.],[0.49994906],0.4900942129471541,[1],Metabolite Compounds Train,morgan_fingerprint
90,['COc1c(N)cc(C(=O)c2ccc(C)cc2)cc1[O-]'],[0.],[0.49976175],0.5288894204791517,[0],Metabolite Compounds Train,morgan_fingerprint
91,['COc1ccc2[nH]cc(CC[NH3+])c2c1'],[1.],[0.50014146],0.4900942129471541,[1],Metabolite Compounds Train,morgan_fingerprint
92,['CC(C)(CO)COC(N)=O'],[0.],[0.49996067],0.5288894204791517,[0],Metabolite Compounds Train,morgan_fingerprint
93,['OCC1[NH2+]CC(O)C1O'],[0.],[0.49992176],0.5288894204791517,[0],Metabolite Compounds Train,morgan_fingerprint
94,['COc1cc(N)c(Cl)cc1C(=O)NCC[NH+](C)C'],[1.],[0.50011002],0.5288894204791516,[0],Metabolite Compounds Train,morgan_fingerprint
95,['Cn1cnc2c1c(=O)n(CCCCC(=O)[O-])c(=O)n2CO'],[0.],[0.49997681],0.6007726735715224,[0],Metabolite Compounds Train,morgan_fingerprint
96,['Cc1cc(C#N)cc(C)c1Oc1[n-]c(=N)[n-]c(=O)c1Br'],[1.],[0.5000789],0.598671433735347,[0],Metabolite Compounds Train,morgan_fingerprint
97,['CCCC(C)(CO)COC(N)=O'],[1.],[0.50018342],0.6007726735715224,[0],Metabolite Compounds Train,morgan_fingerprint
98,['CC(=O)NC1CCC2[NH2+]c3c([O-])cc(C(N)=O)cc3C2C1'],[1.],[0.50034712],0.5288894204791517,[0],Metabolite Compounds Train,morgan_fingerprint
99,['[NH3+]CC#CCOC(=O)C(O)(c1ccccc1)C1CCCCC1'],[1.],[0.50002907],0.6007726735715224,[0],Metabolite Compounds Train,morgan_fingerprint
100,['CCc1c(C)[nH]c2c1C(=O)C(C[NH2+]CCO)CC2'],[0.],[0.4999623],0.5288894204791517,[0],Metabolite Compounds Train,morgan_fingerprint
101,['C[NH2+]CCC(O)(P(=O)([O-])[O-])P(=O)([O-])[O-]'],[1.],[0.50077722],0.5288894204791516,[0],Metabolite Compounds Train,morgan_fingerprint
102,['[NH3+]CC1(CC=O)CCCCC1'],[0.],[0.49983243],0.4900942129471541,[1],Metabolite Compounds Train,morgan_fingerprint
103,['N=c1nc([O-])cc(N2CCCCC2)[n-]1'],[0.],[0.49993068],0.5288894204791517,[0],Metabolite Compounds Train,morgan_fingerprint
104,['COCCC[N+]1(O)CCC(NC(=O)c2cc(Cl)c(N)c3c2OCC3)CC1'],[1.],[0.50016903],0.5288894204791517,[0],Metabolite Compounds Train,morgan_fingerprint
105,['ON=c1[n-]ncc2ccccc12'],[1.],[0.5001182],0.6007726735715224,[0],Metabolite Compounds Train,morgan_fingerprint
106,['CC[NH+](CC)C(C)C(O)c1ccccc1'],[0.],[0.4998624],0.6007726735715224,[0],Metabolite Compounds Train,morgan_fingerprint
107,['CC(C)[NH2+]CC(O)COc1ccc(C(O)C(N)=O)cc1'],[0.],[0.49990015],0.6007726735715225,[0],Metabolite Compounds Train,morgan_fingerprint
108,['C[N+](C)(O)CCCN1c2ccccc2CCc2ccc(Cl)cc21'],[1.],[0.50005589],0.594331222843719,[0],Metabolite Compounds Train,morgan_fingerprint
109,['CC(CO)(C(=O)[O-])c1ccc(C(O)CCC[NH+]2CCC(C(O)(c3ccccc3)c3ccccc3)CC2)cc1'],[1.],[0.50002029],0.5943312228437189,[0],Metabolite Compounds Train,morgan_fingerprint
110,['c1ccc2c(c1)Cc1cccnc1[NH+]1CC[NH2+]C[C@@H]21'],[0.],[0.4997625],0.5943312228437189,[0],Metabolite Compounds Train,morgan_fingerprint
111,['CC(C)C(O)OC(=O)NCC1(CC(=O)[O-])CCCCC1'],[1.],[0.50001879],0.6036994341925151,[0],Metabolite Compounds Train,morgan_fingerprint
112,['N=c1[n-]c(C(O)CO)c(-c2ccc(Cl)cc2)c(=N)[n-]1'],[1.],[0.50000335],0.6036994341925151,[0],Metabolite Compounds Train,morgan_fingerprint
113,['NC(=O)c1c[n-]nn1'],[0.],[0.49999693],0.5943312228437188,[0],Metabolite Compounds Train,morgan_fingerprint
114,['O=C1CN=C(c2ccc([O-])cc2)c2cc(Cl)ccc2N1'],[1.],[0.50000383],0.594331222843719,[0],Metabolite Compounds Train,morgan_fingerprint
115,['CNC(=O)c1c(N(C)C(C)=O)ncn1C'],[1.],[0.50008997],0.5288894204791518,[0],Metabolite Compounds Train,morgan_fingerprint
116,['C[NH+]=C(N)NCCSCc1[n-]cnc1CO'],[0.],[0.49997137],0.5943312228437189,[0],Metabolite Compounds Train,morgan_fingerprint
117,['[NH3+]C[C@H](O)COc1ccccc1C(=O)CCc1ccccc1'],[1.],[0.50025433],0.5943312228437189,[0],Metabolite Compounds Train,morgan_fingerprint
118,['CCC1(c2ccc(NC(C)=O)cc2)C=NC(=O)CC1'],[1.],[0.5000531],0.5943312228437188,[0],Metabolite Compounds Train,morgan_fingerprint
119,['O=C([O-])COCC[NH+]1CC[NH+](C(c2ccccc2)c2ccc(Cl)cc2)CC1O'],[0.],[0.49999225],0.5943312228437188,[0],Metabolite Compounds Train,morgan_fingerprint
120,['NS(=O)(=O)c1cc(C2=NC(=O)C3=C2C=CC(O)C3O)ccc1Cl'],[1.],[0.50005451],0.6036994341925153,[0],Metabolite Compounds Train,morgan_fingerprint
121,['[NH3+]CCCC(=O)[O-]'],[0.],[0.49994675],0.5946298165432108,[0],Metabolite Compounds Train,morgan_fingerprint
122,['Cc1c(-c2ccccc2)oc2c(C(=O)OCC(=O)[O-])cccc2c1=O'],[1.],[0.50001727],0.6036994341925153,[0],Metabolite Compounds Train,morgan_fingerprint
123,['N=c1[n-]c(=N)c2nc(CNc3ccc(C(=O)NC(CCC(=O)[O-])C(=O)[O-])cc3)cnc2[n-]1'],[0.],[0.49994526],0.6036994341925153,[0],Metabolite Compounds Train,morgan_fingerprint
124,['Cc1cccc(CO)c1OC[C@@H](C)[NH3+]'],[1.],[0.50001264],0.5288894204791517,[0],Metabolite Compounds Train,morgan_fingerprint
125,['NP(=O)(OCCC=O)[NH+](CCCl)CCCl'],[0.],[0.4999933],0.6036994341925153,[0],Metabolite Compounds Train,morgan_fingerprint
126,['Cc1cn(-c2cc(NC(=O)c3ccc(C)c(NC4=[NH+]C(=C5C=CCN=C5)CC(O)N4)c3)cc(C(F)(F)F)c2)cn1'],[1.],[0.500279],0.5986714337353471,[0],Metabolite Compounds Train,morgan_fingerprint
127,['COc1cc([O-])c2[nH]cc(CCNC(C)=O)c2c1'],[0.],[0.49982151],0.5946298165432109,[0],Metabolite Compounds Train,morgan_fingerprint
128,['NC(=O)OCC(O)COc1ccc([O-])cc1'],[0.],[0.49998424],0.6036994341925153,[0],Metabolite Compounds Train,morgan_fingerprint
129,['COCCOC(=O)C1=C(C)[NH2+]C(C)=C(C(=O)[O-])C1c1cccc([N+](=O)[O-])c1'],[1.],[0.50000997],0.5946298165432109,[0],Metabolite Compounds Train,morgan_fingerprint
130,['COc1cc2c(cc1OC)CC(=O)[NH+](CCC[NH+](C)CC1Cc3cc(OC)c(OC)cc3C1)CC2'],[0.],[0.49959346],0.5288894204791517,[0],Metabolite Compounds Train,morgan_fingerprint
131,['COc1ccc(CC(CC([NH3+])C(O)CC(C(=O)NCC(C)(C)C(N)=O)C(C)C)C(C)C)cc1[O-]'],[1.],[0.50011529],0.5943312228437189,[0],Metabolite Compounds Train,morgan_fingerprint
132,['[O-]c1ccc(C2CC[NH2+]CC2COc2ccc3c(c2)OCO3)cc1'],[0.],[0.49993914],0.594331222843719,[0],Metabolite Compounds Train,morgan_fingerprint
133,['CCC1C(O)C2C3CCC(C(C)CCC(=O)[O-])C3(C)CCC2C2(C)CCC(OS(=O)(=O)[O-])CC12'],[1.],[0.50006922],0.594331222843719,[0],Metabolite Compounds Train,morgan_fingerprint
134,['CC1C[NH+](CC(Cc2ccccc2)C(=O)NCC(=O)[O-])CCC1(C)c1ccc([O-])c([O-])c1'],[0.],[0.49993752],0.5943312228437186,[0],Metabolite Compounds Train,morgan_fingerprint
135,['Cc1nnc(C(=O)NC(C)(C)c2nc(C(=O)[O-])c([O-])c(=O)n2C)o1'],[1.],[0.50018414],0.5946298165432108,[0],Metabolite Compounds Train,morgan_fingerprint
136,['CC(=O)[NH+]1CC[N+](O)(c2ccc(OCC3COC(Cn4ccnc4)(c4ccc(Cl)cc4Cl)O3)cc2)CC1'],[1.],[0.50004641],0.490094212947154,[1],Metabolite Compounds Train,morgan_fingerprint
137,['CCC[NH+](CCC)CCc1cccc2[nH]ccc12'],[1.],[0.5000199],0.594331222843719,[0],Metabolite Compounds Train,morgan_fingerprint
138,['CC(=O)NC(=O)c1nc(C(=O)NCc2ccc(F)cc2)c([O-])c(=O)n1C'],[0.],[0.49973116],0.6007726735715224,[0],Metabolite Compounds Train,morgan_fingerprint
139,['[NH3+][C@@H](C(=O)N[C@@H](CS)C(=O)[O-])c1ccccc1'],[1.],[0.50034567],0.5288894204791516,[0],Metabolite Compounds Train,morgan_fingerprint
140,['CCCCC[NH2+]CCC(O)(C(=O)[O-])P(=O)([O-])[O-]'],[1.],[0.50004588],0.6036994341925154,[0],Metabolite Compounds Train,morgan_fingerprint
141,['[NH3+]C(CCC(=O)Nc1ccc([O-])c(C(=O)[O-])c1)C(=O)[O-]'],[0.],[0.49994715],0.6036994341925151,[0],Metabolite Compounds Train,morgan_fingerprint
142,['N=c1[n-]c(=N)c2nc(-c3cccc([O-])c3)c(=N)[n-]c2[n-]1'],[1.],[0.50010671],0.5986714337353471,[0],Metabolite Compounds Train,morgan_fingerprint
143,['[O-]c1ccc2c(c1)OCC(C(CC[NH2+]Cc1ccc(F)cc1)c1ccc(F)cc1)O2'],[1.],[0.50013595],0.6036994341925151,[0],Metabolite Compounds Train,morgan_fingerprint
144,['Cc1[n-]cnc1C[n+]1ccc2c(c1C)C(=O)NC2'],[0.],[0.49991102],0.6036994341925153,[0],Metabolite Compounds Train,morgan_fingerprint
145,['Cc1ccccc1-n1c(C)nc2cc(Cl)c(S(N)(=O)=O)cc2c1=O'],[0.],[0.4999982],0.5943312228437189,[0],Metabolite Compounds Train,morgan_fingerprint
146,['CC(C)[NH+](CC(O)c1ccc(NS(C)(=O)=O)cc1)C1O[C@H](C(=O)[O-])[C@@H](O)[C@H](O)[C@H]1O'],[0.],[0.49998962],0.5288894204791516,[0],Metabolite Compounds Train,morgan_fingerprint
147,['Cc1c([O-])cnc2c1N=C(O)c1cccnc1[NH+]2C1CC1O'],[1.],[0.50002316],0.6036994341925151,[0],Metabolite Compounds Train,morgan_fingerprint
148,['CC(C)(C)c1ccc(S(=O)(=O)N=c2[n-]c(OCCO)c(Oc3ccccc3[O-])c(=NS)[n-]2)cc1'],[1.],[0.50002574],0.5288894204791517,[0],Metabolite Compounds Train,morgan_fingerprint
149,['O=C(c1ccc(OCC[NH+]2CCCCC2)cc1)c1c(-c2ccc([O-])c([O-])c2)sc2cc([O-])ccc12'],[1.],[0.50002999],0.5288894204791516,[0],Metabolite Compounds Train,morgan_fingerprint
150,['O=C([O-])CCCC(=O)c1ccc(C(F)(F)F)cc1[N+](=O)[O-]'],[1.],[0.50021149],0.5288894204791516,[0],Metabolite Compounds Train,morgan_fingerprint
151,['CCCCNc1cc(C(=O)[O-])cc(S(N)(=O)=O)c1[O-]'],[0.],[0.49990304],0.5370464302492379,[0],Metabolite Compounds Train,morgan_fingerprint
152,['Cc1nn(C)c2cc(N(C)c3ccn(-c4nc(=O)c(CO)c[n-]4)c3)ccc12'],[0.],[0.49995143],0.5288894204791517,[0],Metabolite Compounds Train,morgan_fingerprint
153,['COc1c(CC=C(C)CCC(=O)[O-])c([O-])c2c([O-])oc([O-])c2c1[O-]'],[1.],[0.50017683],0.6007726735715224,[0],Metabolite Compounds Train,morgan_fingerprint
154,['Nc1ccc(N=Nc2ccc(N=Nc3ccc([O-])cc3)cc2)cc1'],[0.],[0.49998434],0.6007726735715224,[0],Metabolite Compounds Train,morgan_fingerprint
155,['CC(C=CC(C)C(C)(C)O)C1CCC2C3CCC4=CC(=O)CC(O)C4(C)C3CCC12C'],[0.],[0.49985841],0.5370464302492379,[0],Metabolite Compounds Train,morgan_fingerprint
156,['COC(=O)C(c1ccccc1Cl)[NH+]1CCc2sc([O-])cc2C1'],[0.],[0.49992452],0.5503088932567195,[0],Metabolite Compounds Train,morgan_fingerprint
157,['CCC(=O)OC(Cc1ccccc1)(c1ccccc1)C(C)C[NH3+]'],[1.],[0.50013421],0.5503088932567195,[0],Metabolite Compounds Train,morgan_fingerprint
158,['CC(C=CC(C)C(C)(C)O)C1CCC2C3=CC=C4CC(O)CC(O)C4OC3CCC21C'],[1.],[0.50023461],0.5503088932567195,[0],Metabolite Compounds Train,morgan_fingerprint
159,['C=CC1=C(C(=O)[O-])[NH+]2C(=O)CC2SC1'],[1.],[0.5002579],0.5943312228437188,[0],Metabolite Compounds Train,morgan_fingerprint
160,['[NH3+]CC(O)CC(CC(=O)[O-])CC(=O)[O-]'],[1.],[0.50002475],0.5503088932567195,[0],Metabolite Compounds Train,morgan_fingerprint
161,['[O-]c1ccc2c(c1)OCC(C[NH+]1CCC(c3ccc(F)cc3)C(CO)C1)O2'],[1.],[0.50011114],0.6036994341925151,[0],Metabolite Compounds Train,morgan_fingerprint
162,['Nc1ncnc2c1ncn2CCOCP(=O)(O)OP(=O)([O-])[O-]'],[0.],[0.49991021],0.6036994341925151,[0],Metabolite Compounds Train,morgan_fingerprint
163,['CC(C=CC(C)C(C)(C)O)C1CCC2C(=CC=C3CC(O)CC(OC4OC(C(=O)[O-])C(O)C(O)C4O)C3)CCCC21C'],[1.],[0.50020992],0.6036994341925151,[0],Metabolite Compounds Train,morgan_fingerprint
164,['COCCCOc1ccnc(CS(=O)(=O)[O-])c1C'],[1.],[0.50001575],0.6036994341925153,[0],Metabolite Compounds Train,morgan_fingerprint
165,['COc1ccc2cc(C(C)C(=O)[O-])ccc2c1OC'],[1.],[0.50016977],0.6036994341925151,[0],Metabolite Compounds Train,morgan_fingerprint
166,['CC[NH+](CC)CCOc1c(I)cc(C(=O)[O-])cc1I'],[1.],[0.50027836],0.5943312228437188,[0],Metabolite Compounds Train,morgan_fingerprint
167,['CC(=O)OC(CC(=O)[O-])C(=O)SCCC(=[NH2+])NS(N)(=O)=O'],[1.],[0.50001631],0.5503088932567195,[0],Metabolite Compounds Train,morgan_fingerprint
168,['CC(C)OC(=O)OCOP(=O)(COC(C)Cn1cnc2c(N)ncnc21)OCO'],[0.],[0.49991233],0.5503088932567194,[0],Metabolite Compounds Train,morgan_fingerprint
169,['CCCS(=O)c1ccc2[n-]c(=NC(=O)OC)[n-]c2c1[O-]'],[0.],[0.49998175],0.5503088932567195,[0],Metabolite Compounds Train,morgan_fingerprint
170,['CC(=O)Nc1ccc(OS(=O)(=O)[O-])cc1'],[0.],[0.49983354],0.5812250118095299,[0],Metabolite Compounds Train,morgan_fingerprint
171,['CC(CCc1ccccc1)[NH2+]CC(OC1O[C@H](C(=O)[O-])[C@@H](O)[C@H](O)[C@H]1O)c1ccc([O-])c(C(N)=O)c1'],[0.],[0.49998859],0.5812250118095298,[0],Metabolite Compounds Train,morgan_fingerprint
172,['CN(Cc1cnc2[n-]c(=N)[n-]c(=N)c2n1)c1ccc(C(=O)N[C@H](CCC(=O)[O-])C(=O)[O-])c([O-])c1'],[0.],[0.49999929],0.5503088932567195,[0],Metabolite Compounds Train,morgan_fingerprint
173,['O=C([O-])c1ccccc1OC(=O)c1ccccc1OC1OC(O)C(O)C(O)C1O'],[0.],[0.49973619],0.5503088932567195,[0],Metabolite Compounds Train,morgan_fingerprint
174,['COc1cc2[n-]c(=Nc3ccc(F)c(Cl)c3)[n-]c2cc1OCCC[NH+]1CCOCC1'],[0.],[0.49995755],0.5503088932567194,[0],Metabolite Compounds Train,morgan_fingerprint
175,['CC(=CCc1c([O-])c(C)c2coc([O-])c2c1[O-])CCC(=O)[O-]'],[0.],[0.49957422],0.5503088932567195,[0],Metabolite Compounds Train,morgan_fingerprint
176,['[NH3+]CCC(Oc1cccc2c([O-])c([O-])ccc12)c1cccs1'],[0.],[0.49988252],0.5503088932567195,[0],Metabolite Compounds Train,morgan_fingerprint
177,['CC1C(O)c2ccccc2N1[N-]C(=O)c1ccc(Cl)c(S(N)(=O)=O)c1'],[0.],[0.49994949],0.5288894204791517,[0],Metabolite Compounds Train,morgan_fingerprint
178,['CCCCNc1cc(C(=O)OC2O[C@H](C(=O)[O-])[C@@H](O)[C@H](O)[C@H]2O)cc(S(N)(=O)=O)c1Oc1ccccc1'],[1.],[0.50034312],0.5503088932567195,[0],Metabolite Compounds Train,morgan_fingerprint
179,['Cc1c(C(=O)[O-])sc(N(C)CC(=O)[O-])c1C(=O)[O-]'],[0.],[0.49993586],0.5370464302492379,[0],Metabolite Compounds Train,morgan_fingerprint
180,['C[NH+](CCOc1ccc(NS(C)(=O)=O)cc1)CCOc1ccc(NS(C)(=O)=O)cc1'],[0.],[0.49990924],0.4900942129471541,[1],Metabolite Compounds Train,morgan_fingerprint
181,['CCC[NH+]1CC(CSC)CC2c3ccc([O-])c4[nH]cc(c34)CC21'],[0.],[0.49971625],0.6036994341925153,[0],Metabolite Compounds Train,morgan_fingerprint
182,['CC(C=CC(C)C(C)(C)O)C1CCC2C3CCC4CC(O)CC(O)C4(C)C3CCC12C'],[0.],[0.49952447],0.5288894204791518,[0],Metabolite Compounds Train,morgan_fingerprint
183,['CCOC(=O)c1c(C)nc(C)c(C(=O)OC)c1-c1cccc(Cl)c1Cl'],[1.],[0.50022425],0.6036994341925153,[0],Metabolite Compounds Train,morgan_fingerprint
184,['CC(C)(C)[C@H]([NH3+])C(=O)N[C@@H](Cc1ccccc1)[C@H](O)C[NH2+]Cc1ccc(-c2ccccn2)cc1'],[0.],[0.49998766],0.49009421294715416,[1],Metabolite Compounds Train,morgan_fingerprint
185,['CCOc1cc(NO)c(Cl)cc1C(=O)NCC[NH+](CC)CC'],[1.],[0.50026915],0.5288894204791516,[0],Metabolite Compounds Train,morgan_fingerprint
186,['COc1c2c(cc3ccc(=O)oc13)CC(O)O2'],[0.],[0.4999943],0.5288894204791517,[0],Metabolite Compounds Train,morgan_fingerprint
187,['[NH3+]CCC(Oc1cccc2ccccc12)c1cccs1'],[1.],[0.50008311],0.5288894204791516,[0],Metabolite Compounds Train,morgan_fingerprint
188,['Nc1c(O[C@@H]2O[C@H](C(=O)[O-])[C@@H](O)[C@H](O)[C@H]2O)cccc1C(=O)N[C@@H]1CCC(=O)NC1=O'],[0.],[0.49954143],0.5288894204791517,[0],Metabolite Compounds Train,morgan_fingerprint
189,['Cc1ccccc1[NH+]1C(=O)c2cc(S(N)(=O)=O)c(Cl)cc2[NH+](O)C1C'],[1.],[0.50026501],0.5288894204791516,[0],Metabolite Compounds Train,morgan_fingerprint
190,['NS(=O)(=O)c1cc2sn(CO)c2cc1C(F)(F)F'],[0.],[0.49944304],0.5503088932567195,[0],Metabolite Compounds Train,morgan_fingerprint
191,['NC(=O)N1c2ccccc2C=C(O)c2ccccc21'],[0.],[0.49996841],0.5812250118095299,[0],Metabolite Compounds Train,morgan_fingerprint
192,['Nc1ccc(OS(=O)(=O)[O-])cc1C(=O)[O-]'],[0.],[0.4999796],0.5812250118095298,[0],Metabolite Compounds Train,morgan_fingerprint
193,['CCC(C)C(=O)OC1CC(OC2OC(C(=O)[O-])C(O)C(O)C2O)C=C2C=CC(C)C(CCC(O)O)C21'],[1.],[0.50011487],0.5288894204791517,[0],Metabolite Compounds Train,morgan_fingerprint
194,['Cc1cn(C2CC(N=[N+]=[N-])C(COS(=O)(=O)[O-])O2)c(=O)[n-]c1=O'],[0.],[0.49983019],0.6036994341925151,[0],Metabolite Compounds Train,morgan_fingerprint
195,['CC(=O)Oc1ccc(C(O)c2ccccn2)cc1'],[1.],[0.50007977],0.5288894204791516,[0],Metabolite Compounds Train,morgan_fingerprint
196,['CC(C)[NH+](C)CC(O)COc1ccc(CC(N)=O)cc1'],[1.],[0.50003055],0.5943312228437189,[0],Metabolite Compounds Train,morgan_fingerprint
197,['[O-]c1cc(Cl)c(NC2=[NH+]CCN2)c2nsnc12'],[1.],[0.50001994],0.5370464302492379,[0],Metabolite Compounds Train,morgan_fingerprint
198,['CCC1OC(=O)C(C)C(O)C(C)C(OC2OC(C)CC([NH+](C)C)C2O)C(C)(OC)CC(C)C(=O)C(C)C(O)C1(C)O'],[1.],[0.50032948],0.6036994341925154,[0],Metabolite Compounds Train,morgan_fingerprint
199,['COc1cc2c(cc1OCCC[NH+]1CCOCC1)C([NH2+]c1ccc(F)c(Cl)c1)[NH2+]CN2'],[1.],[0.5000098],0.5943312228437188,[0],Metabolite Compounds Train,morgan_fingerprint
200,['Cc1cn(-c2cc(NC(=O)c3ccc(C)c(Nc4nccc(-c5ccc[n+]([O-])c5)n4)c3)cc(C(F)(F)F)c2)cn1'],[0.],[0.49997695],0.5503088932567194,[0],Metabolite Compounds Train,morgan_fingerprint
201,['O=C([O-])CCC(=O)Nc1cc2c(=O)[n-]cnc2cc1OC1CCOC1'],[0.],[0.49999515],0.5946298165432108,[0],Metabolite Compounds Train,morgan_fingerprint
202,['Cc1ccsc1C(=CCC[NH+]1CCCC(C(=O)[O-])C1)c1scc([O-])c1C'],[1.],[0.50016591],0.5946298165432108,[0],Metabolite Compounds Train,morgan_fingerprint
203,['COc1ccc2c(c1)c(CC(=O)O[C@@H]1O[C@H](C(=O)[O-])[C@@H](O)[C@H](O)[C@H]1O)c(C)n2C(=O)c1ccc(Cl)cc1'],[1.],[0.50014949],0.5812250118095299,[0],Metabolite Compounds Train,morgan_fingerprint
204,['CCC(=O)c1c(C)nc(C)c(C(=O)OC)c1-c1ccccc1[N+](=O)[O-]'],[1.],[0.50069835],0.5370464302492379,[0],Metabolite Compounds Train,morgan_fingerprint
205,['O=C(OC1C[NH+]2CCC1CC2)[NH+]1C(=O)c2ccccc2C1c1ccccc1'],[1.],[0.50015777],0.5943312228437189,[0],Metabolite Compounds Train,morgan_fingerprint
206,['CCCc1nc2c(C)cc(-c3nc4ccccc4n3C)cc2n1Cc1ccc(-c2ccccc2C(=O)O[C@@H]2O[C@H](C(=O)[O-])[C@@H](O)[C@H](O)[C@H]2O)cc1'],[0.],[0.49999367],0.6036994341925153,[0],Metabolite Compounds Train,morgan_fingerprint
207,['CCn1c(C(=O)c2ccccc2)ccc1C(C)C(=O)[O-]'],[0.],[0.49969037],0.5370464302492379,[0],Metabolite Compounds Train,morgan_fingerprint
208,['CNC(=O)N[C@H](CC[NH+]1CCOCC1)C(=O)N[C@@H](CC[C@@H](Cc1ccccc1)NC(=O)OCc1cncs1)C(=O)N[C@H](Cc1ccccc1)C(=O)[O-]'],[0.],[0.49998912],0.5812250118095299,[0],Metabolite Compounds Train,morgan_fingerprint
209,['COc1ccc2nc(S(=O)Cc3ncc(C)c(OC)c3CO)[n-]c2c1'],[1.],[0.5000619],0.5812250118095299,[0],Metabolite Compounds Train,morgan_fingerprint
210,['CC1C=CC2=CC(O)CC(O)C2C1CCC(O)CC(O)CC(=O)[O-]'],[0.],[0.49996123],0.5503088932567195,[0],Metabolite Compounds Train,morgan_fingerprint
211,['C[NH+](CCOc1ccc(NS(C)(=O)=O)cc1)CCc1ccc(N(O)S(C)(=O)=O)cc1'],[1.],[0.50005217],0.594331222843719,[0],Metabolite Compounds Train,morgan_fingerprint
212,['O=C([O-])CNC(=O)COCC[N+]1(O)CC[NH+](C(c2ccccc2)c2ccc(Cl)cc2)CC1'],[0.],[0.49999923],0.5946298165432108,[0],Metabolite Compounds Train,morgan_fingerprint
213,['CCC1OC(=O)C(C)C(OC2CC(C)(OC)C(O)C(C)O2)C(C)C(OC2OC(C)CC([NH2+]C)C2O)C(C)C(OC2OC(C)CC([NH2+]C)C2O)C(C)(O)C1(C)O'],[1.],[0.50016325],0.5503088932567195,[0],Metabolite Compounds Train,morgan_fingerprint
214,['CC1=C(/C=C/C(C)=C/C=C/C(C)=C/C(=O)[O-])C(C)(C)CCC1O'],[0.],[0.49997917],0.5943312228437188,[0],Metabolite Compounds Train,morgan_fingerprint
215,['Cc1cc(C#N)cc(CO)c1Oc1[n-]c(=Nc2ccc(C#N)cc2)[n-]c(=N)c1Br'],[0.],[0.4999993],0.5946298165432108,[0],Metabolite Compounds Train,morgan_fingerprint
216,['Cc1cc([O-])cc(N=c2cc[n-]cc2S(=O)(=O)[N-]C(=O)[NH2+]C(C)C)c1'],[1.],[0.50010466],0.5946298165432108,[0],Metabolite Compounds Train,morgan_fingerprint
217,['CC(C)[NH2+]c1cccnc1[NH+]1CC[NH+](C(=O)c2cc3cc(NS(C)(=O)=O)ccc3[nH]2)CC1O'],[0.],[0.4999467],0.5812250118095299,[0],Metabolite Compounds Train,morgan_fingerprint
218,['CCC1OC(=O)C(C)C(OC2CC(C)(OC)C(O)C(C)O2)C(C)C(OC2OC(C)CC([NH+](C)C)C2O)C(C)(OC)CC(C)C1=O'],[0.],[0.4998251],0.5503088932567195,[0],Metabolite Compounds Train,morgan_fingerprint
219,['CN1Sc2cc(S(N)(=O)=O)c(Cl)cc2[NH+]=C1C(O)SCC(F)(F)F'],[1.],[0.50060263],0.5503088932567194,[0],Metabolite Compounds Train,morgan_fingerprint
220,['Cc1ccsc1C(=CCC[NH+]1CCCC(C(=O)[O-])C1)c1ccc([O-])s1'],[1.],[0.50026894],0.5812250118095299,[0],Metabolite Compounds Train,morgan_fingerprint
221,['CC(C)(Oc1ccc(CCO)cc1)C(=O)[O-]'],[1.],[0.50001154],0.5812250118095299,[0],Metabolite Compounds Train,morgan_fingerprint
222,['OC[C@H]1C[NH2+]CC[C@@H]1c1ccc(F)cc1'],[0.],[0.49995184],0.5946298165432108,[0],Metabolite Compounds Train,morgan_fingerprint
223,['Nc1ncnc2c1ncn2C1OC(CO)C(O)C1O'],[0.],[0.49979224],0.5943312228437189,[0],Metabolite Compounds Train,morgan_fingerprint
224,['O=c1c(CC[NH+]2CCC(c3noc4cc(F)ccc34)CC2)c(CO)nc2n1CCCC2'],[0.],[0.49994563],0.5812250118095298,[0],Metabolite Compounds Train,morgan_fingerprint
225,['NC(=O)[NH+]1CCC(CC(=O)[NH+]2CCC(C3c4ncc(Br)cc4C(O)Cc4cc(Cl)cc(Br)c43)CC2)CC1'],[0.],[0.49990308],0.594331222843719,[0],Metabolite Compounds Train,morgan_fingerprint
226,['C[NH+]1C(C(O)=Nc2ncc(C(=O)[O-])s2)=C(O)c2ccccc2S1(=O)=O'],[0.],[0.49969],0.5946298165432108,[0],Metabolite Compounds Train,morgan_fingerprint
227,['O=C([O-])C1OC(OC2C(c3ccc(Cl)c(Cc4ccc(OC5CCOC5)cc4)c3)OC(CO)C(O)C2O)C(O)C(O)C1O'],[0.],[0.49954999],0.5812250118095299,[0],Metabolite Compounds Train,morgan_fingerprint
228,['Cc1nc(-c2ccc(OCC(C)C)c(C#N)c2)sc1C(=O)NCC(=O)[O-]'],[0.],[0.49972565],0.5812250118095299,[0],Metabolite Compounds Train,morgan_fingerprint
229,['NC(=O)Nc1c(Cl)ccc2nsnc12'],[1.],[0.50014046],0.5812250118095299,[0],Metabolite Compounds Train,morgan_fingerprint
230,['Cc1nc(Nc2ncc(C(=O)Nc3c(Cl)cccc3CO)s2)cc(N2CC[NH2+]CC2)n1'],[0.],[0.49974016],0.5812250118095298,[0],Metabolite Compounds Train,morgan_fingerprint
231,['OCC1OC(OC2C(O)C(CO)OC(c3ccc(Cl)c(Cc4ccc(OC5CCOC5)cc4)c3)C2O)C(O)C(O)C1O'],[1.],[0.50008221],0.5812250118095299,[0],Metabolite Compounds Train,morgan_fingerprint
232,['O=C1C2=C3C(=O)[NH+]1CC1CCCCC1C[NH+]1CCN(CC1)C2=[NH+]Sc1ccccc1C1CCC3C1'],[0.],[0.49980836],0.5812250118095299,[0],Metabolite Compounds Train,morgan_fingerprint
233,['Cc1cc(-c2nc3ccccc3n2C)cc2c1nc(C(C)O)n2Cc1ccc(-c2ccccc2C(=O)[O-])cc1'],[0.],[0.49954623],0.5812250118095299,[0],Metabolite Compounds Train,morgan_fingerprint
234,['CN(Cc1nc2c(N)[n-]c(=N)[n-]c-2nc1=O)c1ccc(C(=O)N[C@@H](CCC(=O)[O-])C(=O)[O-])cc1'],[1.],[0.50036615],0.5812250118095299,[0],Metabolite Compounds Train,morgan_fingerprint
235,['COc1cc2nc(N(C)CCCNC(=O)C3CCCO3)[n-]c(=N)c2cc1[O-]'],[1.],[0.50004306],0.5503088932567195,[0],Metabolite Compounds Train,morgan_fingerprint
236,['[NH3+]CCC(Oc1cccc2ccccc12)c1ccco1'],[0.],[0.49997077],0.6007726735715224,[0],Metabolite Compounds Train,morgan_fingerprint
237,['O=CCC(=O)Nc1cc2c(=Nc3ccc(F)c(Cl)c3)[n-]cnc2cc1OC1CCOC1'],[1.],[0.50100872],0.5943312228437189,[0],Metabolite Compounds Train,morgan_fingerprint
238,['O=C1CC(Cc2cc(F)c(F)cc2F)[NH2+]C2Cn3c(nnc3C(F)(F)F)C[NH+]12'],[1.],[0.50010801],0.5943312228437188,[0],Metabolite Compounds Train,morgan_fingerprint
239,['Cc1cccc(Nc2cc[n-]c2S(=O)(=O)[N-]C(=O)[NH2+]C(C)CO)c1'],[0.],[0.49997934],0.5943312228437189,[0],Metabolite Compounds Train,morgan_fingerprint
240,['O=C([O-])CC(O)CCn1cc(C(=O)Nc2ccccc2)c(-c2ccccc2)c1-c1ccc(F)cc1'],[0.],[0.49969085],0.5812250118095299,[0],Metabolite Compounds Train,morgan_fingerprint
241,['N#Cc1ccc2c(c1)COC2(CCC[NH3+])c1ccc(F)cc1'],[0.],[0.49999475],0.5812250118095299,[0],Metabolite Compounds Train,morgan_fingerprint
242,['CC(C)C([NH3+])C(=O)NC(Cc1ccccc1)CC(O)C(Cc1ccccc1)NC(=O)OCc1cncs1'],[0.],[0.49998809],0.5943312228437189,[0],Metabolite Compounds Train,morgan_fingerprint
243,['CC(C)C[NH+](CC(O)C(Cc1ccccc1)NC(=O)OC1CCOC1O)S(=O)(=O)c1ccc(NO)cc1'],[1.],[0.50008578],0.5946298165432108,[0],Metabolite Compounds Train,morgan_fingerprint
244,['CC(C)c1nc(C[NH+](C)C(=O)N[C@H](CC[NH+]2CCOCC2)C(=O)N[C@H](CC[C@H](Cc2ccccc2)NC(=O)OCc2cncs2)c2ccccc2)cs1'],[0.],[0.49895095],0.5943312228437189,[0],Metabolite Compounds Train,morgan_fingerprint
245,['NC(=O)c1ncn(Cc2c(F)cccc2F)n1'],[1.],[0.50001049],0.5943312228437189,[0],Metabolite Compounds Train,morgan_fingerprint
246,['O=C([O-])CC(Cc1cc(F)c(F)cc1F)[NH2+]c1ncnc2c1ncn2C1OC(CO)C(O)C1O'],[1.],[0.50072679],0.5943312228437189,[0],Metabolite Compounds Train,morgan_fingerprint
247,['NC(=O)OCC1=C(C(=O)[O-])[NH+]2C(=O)C(NC(=O)C([NH3+])Cc3ccco3)C2SC1'],[1.],[0.50069584],0.5812250118095299,[0],Metabolite Compounds Train,morgan_fingerprint
248,['CC(C)c1nc(NS(C)(=O)=O)nc(-c2ccc(F)cc2)c1/C=C/[C@H](O)C[C@H](O)CC(=O)[O-]'],[1.],[0.50035544],0.5943312228437189,[0],Metabolite Compounds Train,morgan_fingerprint
249,['Nc1cccc2c1C[NH+](C1CCC(O)NC1=O)C2=O'],[0.],[0.49982138],0.5812250118095299,[0],Metabolite Compounds Train,morgan_fingerprint
250,['C[C@@H]1O[C@H](n2cc(F)c(N)nc2=O)[C@H](O)[C@@H]1O'],[1.],[0.50027147],0.5946298165432108,[0],Metabolite Compounds Train,morgan_fingerprint
251,['COC=C1CSC2C(NC(=O)C([NH2+]OC)c3csc(=N)[n-]3)C(=O)[NH+]2C1C(=O)[O-]'],[1.],[0.50078888],0.5943312228437189,[0],Metabolite Compounds Train,morgan_fingerprint
252,['CC(C)c1nc(N(C)S(C)(=O)=O)nc(-c2ccc(F)cc2)c1C=CC(O)CC(=O)[O-]'],[0.],[0.49875721],0.5943312228437188,[0],Metabolite Compounds Train,morgan_fingerprint
253,['CC(C)(C)[C@H](NC(=O)[C@@H](NC(=O)c1cnccn1)C1CCCCC1)C(=O)N[C@H](C(=O)[NH+]1C[C@@H]2CCC[C@@H]2[C@H]1C(=O)[O-])C(C)(C)C'],[0.],[0.49954834],0.5943312228437188,[0],Metabolite Compounds Train,morgan_fingerprint
254,['O=C([O-])CN=C(O)CNC(=O)C1CCn2c(C(=O)c3ccccc3)ccc21'],[0.],[0.49999363],0.5946298165432108,[0],Metabolite Compounds Train,morgan_fingerprint
255,['CC(C)(C)C(NC(=O)C(NC(=O)c1cnccn1)C1CCCCC1)C(=O)[NH+]1CC2CCCC2C1C(=O)NC(CCCO)C(=O)C(=O)NC1CC1'],[0.],[0.4998435],0.5943312228437189,[0],Metabolite Compounds Train,morgan_fingerprint
256,['CC(C(=O)c1cc(F)ccc1F)C(O)(Cn1cnc2c(CO)cccc21)c1nc(-c2ccc(C#N)cc2)cs1'],[0.],[0.49973066],0.5946298165432108,[0],Metabolite Compounds Train,morgan_fingerprint
257,['NC(=O)CC(NC(=O)c1ccc2ccccc2n1)C(=O)NC(Cc1ccccc1)C(O)C[NH+]1CC2CCCCC2CC1C(=O)[O-]'],[1.],[0.50024139],0.594331222843719,[0],Metabolite Compounds Train,morgan_fingerprint
258,['CC(=O)Nc1cccc(-n2c(=O)n(C3CC3)c(=O)c3c(Nc4ccc(I)cc4F)n(C)c(=O)c(C)c32)c1[O-]'],[0.],[0.49925652],0.5943312228437189,[0],Metabolite Compounds Train,morgan_fingerprint
259,['CC[NH+](CC)CC=NC(=O)c1c(C)[nH]c(Cc2c([O-])[n-]c3cc([O-])c(F)cc23)c1C'],[0.],[0.49924938],0.5943312228437188,[0],Metabolite Compounds Train,morgan_fingerprint
260,['CC(Oc1cc(-c2cnn(C3CC[NH2+]C(C(=O)[O-])C3)c2)c[n-]c1=N)c1c(Cl)ccc(F)c1Cl'],[0.],[0.49933174],0.5946298165432108,[0],Metabolite Compounds Train,morgan_fingerprint
261,['OC[C@@](O)(Cn1cncn1)c1ccc(F)cc1'],[0.],[0.49999739],0.5812250118095299,[0],Metabolite Compounds Train,morgan_fingerprint
262,['CC(c1nc[n+]([O-])cc1F)C(O)(Cn1cncn1)c1ccc(F)cc1'],[1.],[0.50000886],0.5946298165432109,[0],Metabolite Compounds Train,morgan_fingerprint
263,['CCOC(=O)C(CC)[NH2+]C(C)C(=O)[NH+]1[C@H](C(=O)O[C@]2(C(=O)[O-])O[C@H](C)[C@@H](O)[C@H](O)[C@H]2O)C[C@@H]2CCCC[C@@H]21'],[0.],[0.49930249],0.5946298165432108,[0],Metabolite Compounds Train,morgan_fingerprint
264,['CC(OC(=O)N(C)c1ncccc1CO)n1cnc(CC(O)(c2cc(F)ccc2F)C(C)c2nc(-c3ccc(C#N)cc3)cs2)c1'],[1.],[0.50018322],0.5946298165432108,[0],Metabolite Compounds Train,morgan_fingerprint
265,['COc1c2c(c([O-])n1CC1CCCCC1C[NH+]1CCN(c3nsc4ccccc34)CC1)C1CCC2C1'],[0.],[0.49978834],0.5812250118095299,[0],Metabolite Compounds Train,morgan_fingerprint
266,['C=CC1=C(C(=O)[O-])[NH+]2C(=O)C(NC(=O)C(=NO)c3csc(=N)[n-]3)C2SC1O'],[1.],[0.50070287],0.5943312228437189,[0],Metabolite Compounds Train,morgan_fingerprint
267,['OC(c1ncncc1F)C(O)(Cn1cncn1)c1ccc(F)cc1F'],[0.],[0.49955551],0.5946298165432108,[0],Metabolite Compounds Train,morgan_fingerprint
268,['O=C([O-])CC(Cc1cc(F)c(F)cc1F)[NH2+]c1nnc2n1CC[NH+](C(F)(F)F)C2O'],[0.],[0.49902311],0.5812250118095299,[0],Metabolite Compounds Train,morgan_fingerprint
269,['Cc1onc(-c2c(Cl)cccc2Cl)c1C(=O)NC1C(=O)[NH+]2C1SC(C)(C)C2C(=O)NCC(=O)[O-]'],[0.],[0.49950028],0.5946298165432108,[0],Metabolite Compounds Train,morgan_fingerprint
270,['C[C@H]([NH2+][C@@H](CCc1ccccc1)C(=O)[O-])C(=O)[NH+]1[C@H](C(=O)[O-])C[C@@H]2CCC[C@@H]21'],[0.],[0.49947857],0.5946298165432108,[0],Metabolite Compounds Train,morgan_fingerprint
271,['COc1ccnc(CSc2nc3cc(OC(F)F)ccc3[n-]2)c1OC'],[1.],[0.50089626],0.5812250118095299,[0],Metabolite Compounds Train,morgan_fingerprint
272,['N=c1[n-]cc(-c2cnn(C3CC[NH2+]CC3)c2)cc1O[C@@H](CO)c1c(Cl)ccc(F)c1Cl'],[0.],[0.49975964],0.5812250118095299,[0],Metabolite Compounds Train,morgan_fingerprint
273,['C=CCC1=CC(C)CC(C)CC(OC)C2OC(O)(C(C)CC2O)C(O)C(=O)[NH+]2CCCCC2C(=O)OC(C(C)=CC2CCC(O)C(OC)C2)C(C)C(O)CC1=O'],[0.],[0.49898684],0.5943312228437189,[0],Metabolite Compounds Train,morgan_fingerprint
274,['CO[C@@H]1C=CC=CC=C[C@H](C)C[C@@H](C)C(=O)[C@H](OC)[C@H](O)C(C)=C[C@@H](C)C(=O)C[C@@H]([C@H](C)C[C@@H]2CC[C@@H](O)[C@H](OC)C2)OC(=O)[C@@H]2CCCC[NH+]2C(=O)C(=O)[C@]2(O)O[C@@H](CC[C@]2(C)O)C1'],[0.],[0.49967965],0.5812250118095299,[0],Metabolite Compounds Train,morgan_fingerprint
275,['NC(=O)C1C[NH2+]CC[NH+]1CC(O)CC(Cc1ccccc1)C(=O)NC1c2ccccc2CC1O'],[0.],[0.49944235],0.5812250118095299,[0],Metabolite Compounds Train,morgan_fingerprint
276,['CO[C@H]1C[C@@H]2CC[C@@H](C)[C@@](O)(O2)C(=O)C(=O)[NH+]2CCCC[C@H]2C(=O)O[C@H]([C@H](C)C[C@@H]2CC[C@@H](O)[C@H](OC)C2)CC(=O)[C@H](C)C=C(C)[C@@H](O)[C@@H](OC)C(=O)[C@H](CO)C[C@H](C)C=CC=CC=C1C'],[1.],[0.50017846],0.5812250118095297,[0],Metabolite Compounds Train,morgan_fingerprint
277,['COC1CC2CCC(C)C(O)(O2)C(=O)C(=O)[NH+]2CCCCC2C(=O)OC(C(C)CC2CCC(O)C(O)C2)CC(=O)C(C)=CC(C)C(O)C(O)C(C)CC(C)C=CC=CC=C1C'],[1.],[0.50022504],0.5812250118095298,[0],Metabolite Compounds Train,morgan_fingerprint
278,['COC(=O)NC(C(=O)[N-]N(Cc1ccc(-c2ccccn2)cc1)CC(O)C(Cc1ccccc1)NC(=O)C(NC(=O)OC)C(C)(C)O)C(C)(C)C'],[1.],[0.50102531],0.5943312228437189,[0],Metabolite Compounds Train,morgan_fingerprint
279,['CC(C)(Oc1ccc(C(O)NC(=O)c2ccc(Cl)cc2)cc1)C(=O)[O-]'],[0.],[0.49977914],0.5812250118095299,[0],Metabolite Compounds Train,morgan_fingerprint
280,['CC(=O)[NH+]1CC=[N+](c2ccc(OCC3COC(Cn4ccnc4)(c4ccc(Cl)cc4Cl)O3)cc2)CC1'],[1.],[0.50044045],0.5812250118095299,[0],Metabolite Compounds Train,morgan_fingerprint
281,['CCn1ccc(=O)c2cc(F)c(N3CC[NH2+]C(C)C3)c(F)c21'],[0.],[0.49970553],0.5812250118095299,[0],Metabolite Compounds Train,morgan_fingerprint
282,['CC1C[NH2+]CC[NH+]1c1c(F)cc2c(=O)c(C(=O)[O-])cn(C3OC(C(=O)[O-])C(O)C(O)C3O)c2c1F'],[1.],[0.50583758],0.5946298165432108,[0],Metabolite Compounds Train,morgan_fingerprint
283,['O=c1[n-]ncn1-c1ccc(N2CCN(c3ccc(OCC4COC(Cn5cncn5)(c5ccc(Cl)cc5Cl)O4)cc3)CC2)cc1'],[0.],[0.49934883],0.5943312228437189,[0],Metabolite Compounds Train,morgan_fingerprint
284,['CC(C)(C)NC(=O)[C@@H]1C[C@@H]2CCC(O)C[C@@H]2C[NH+]1C[C@@H](O)[C@H](Cc1ccccc1)NC(=O)[C@H](CC(N)=O)NC(=O)c1ccc2ccccc2n1'],[0.],[0.49997785],0.5812250118095299,[0],Metabolite Compounds Train,morgan_fingerprint
285,['CCn1cc(C(=O)[O-])c(=O)c2cc(F)c(NCC[NH3+])cc21'],[0.],[0.49919428],0.5946298165432108,[0],Metabolite Compounds Train,morgan_fingerprint
286,['CCn1cc(C(=O)[O-])c(=O)c2cc(F)c(N3CC[NH+](C(=O)[O-])CC3)cc21'],[1.],[0.50007327],0.5812250118095299,[0],Metabolite Compounds Train,morgan_fingerprint
287,['CC1CN(c2c(F)cc3c(=O)c(C(=O)[O-])cn(C)c3c2F)CC([NH3+])[NH2+]1'],[0.],[0.49977975],0.5946298165432108,[0],Metabolite Compounds Train,morgan_fingerprint
288,['CCC(C)n1ncn(-c2ccc([NH+]3CCN(c4ccc(OCC5COC(Cn6cncn6)(c6ccc(Cl)cc6Cl)O5)cc4)CC3O)cc2)c1=O'],[1.],[0.50007529],0.5812250118095299,[0],Metabolite Compounds Train,morgan_fingerprint
289,['O=c1n(-c2ccc(N3CCN(c4ccc(OCC5COC(Cn6cncn6)(c6ccc(Cl)cc6Cl)O5)cc4)CC3)cc2)cnn1C1CC1'],[1.],[0.50275849],0.5943312228437189,[0],Metabolite Compounds Train,morgan_fingerprint
290,['C[NH+](C)CCC(Oc1ccc(C(F)(F)F)cc1)c1ccccc1'],[1.],[0.50005817],0.5812250118095299,[0],Metabolite Compounds Train,morgan_fingerprint
291,['COC1CC2CCC(C)C(O)(O2)C(=O)C(=O)[NH+]2CCCCC2C(=O)OC(C(C)CC2CCC(OCCO)C(OC)C2)CC(=O)C(C)=CC(C)C(O)C(O)C(C)CC(C)C=CC=CC=C1C'],[0.],[0.49961733],0.5812250118095299,[0],Metabolite Compounds Train,morgan_fingerprint
292,['CCCCc1oc2ccccc2c1C(=O)c1ccc(OCC[NH+](CC)CC)c(I)c1'],[0.],[0.49913726],0.5812250118095299,[0],Metabolite Compounds Train,morgan_fingerprint
293,['Nc1cc2c(cc1F)c(=O)c(C(=O)[O-])cn2C1CC1'],[0.],[0.49928233],0.5943312228437188,[0],Metabolite Compounds Train,morgan_fingerprint
294,['CC1CN(c2c(F)cc3c(=O)c(C(=O)[O-])cn(CCO)c3c2F)CC[NH2+]1'],[1.],[0.5001901],0.5812250118095299,[0],Metabolite Compounds Train,morgan_fingerprint
295,['CCC[NH2+]CCc1cccc2[n-]c(=O)ccc12'],[1.],[0.50114503],0.5812250118095299,[0],Metabolite Compounds Train,morgan_fingerprint
296,['C[NH+]1CC[NH+](C(=O)Oc2c3nc([O-])cnc3c([O-])n2-c2ccc(Cl)cn2)CC1'],[0.],[0.49932475],0.5812250118095299,[0],Metabolite Compounds Train,morgan_fingerprint
297,['N=c1[n-]c(N=Nc2ccccc2)ccc1N=Nc1ccc(N)[n-]c1=O'],[1.],[0.5021448],0.5812250118095299,[0],Metabolite Compounds Train,morgan_fingerprint
298,['COC(=O)NC(C(=O)[N-]N(Cc1ccc(-c2ccccn2)cc1)CC(O)C(Cc1ccccc1)NC(=O)C([NH3+])C(C)(C)C)C(C)(C)C'],[0.],[0.4999911],0.5812250118095298,[0],Metabolite Compounds Train,morgan_fingerprint
299,['CC[C@]1(O)C[C@@H]2C[NH+](CCc3c([nH]c4ccccc34)[C@@](C(=O)OC)(c3cc4c(cc3OC)[NH+](C)[C@@H]3C45CC[NH+]4CC=C[C@](CC)([C@H]45)[C@@H](O)[C@]3(O)C(=O)OC)C2)C1'],[0.],[0.49896574],0.5943312228437189,[0],Metabolite Compounds Train,morgan_fingerprint
300,['CC1COc2c(N3CC[NH2+]CC3)c(F)cc3c(=O)c(C(=O)[O-])cn1c23'],[0.],[0.49870066],0.5946298165432108,[0],Metabolite Compounds Train,morgan_fingerprint
301,['Nc1ccc(C=Nn2cc[n-]c2=O)o1'],[0.],[0.49866299],0.5946298165432108,[0],Metabolite Compounds Train,morgan_fingerprint
302,['O=S(=O)([O-])Nc1ccc(S(=O)(=O)N=c2nccc[n-]2)cc1'],[0.],[0.49860702],0.5812250118095299,[0],Metabolite Compounds Train,morgan_fingerprint
303,['C[NH2+]CC(=O)OCc1cc([O-])cnc1N(C)C(=O)OC(C)[n+]1cnn(CC(O)(c2cc(F)ccc2F)C(C)c2nc(-c3ccc(C#N)cc3)cs2)c1'],[0.],[0.49971783],0.5812250118095299,[0],Metabolite Compounds Train,morgan_fingerprint
304,['Cc1cc(/C=C\\[NH3+])cc(CO)c1N=c1cc[n-]c(=Nc2ccc([NH+]=C(N)O)cc2)[n-]1'],[0.],[0.49951687],0.5812250118095299,[0],Metabolite Compounds Train,morgan_fingerprint
305,['O=C(Nc1cc(-n2cnc(CO)c2)cc(C(F)(F)F)c1)c1ccc(CO)c(N=c2nc(-c3cccnc3)cc[n-]2)c1'],[0.],[0.49927882],0.5812250118095299,[0],Metabolite Compounds Train,morgan_fingerprint
306,['C[NH+]1CCC(COc2cc3[n-]cnc(=Nc4ccc(Br)cc4F)c3cc2[O-])CC1'],[1.],[0.50180493],0.5812250118095299,[0],Metabolite Compounds Train,morgan_fingerprint
307,['C[N+]1(O)CC[NH+](Cc2ccc(C(=O)Nc3ccc(CO)c(N=c4nc(-c5cccnc5)cc[n-]4)c3)cc2)CC1'],[0.],[0.49989519],0.5812250118095299,[0],Metabolite Compounds Train,morgan_fingerprint
308,['O=C1CN(c2cc3c(cc2F)c(=O)c(C(=O)[O-])cn3C2CC2)CCN1'],[0.],[0.49946195],0.5812250118095298,[0],Metabolite Compounds Train,morgan_fingerprint
309,['Cc1cc2nc(-c3ccc(CO)cc3)c(CC(=O)[NH+](C)C)n2cc1C'],[0.],[0.49832914],0.5812250118095299,[0],Metabolite Compounds Train,morgan_fingerprint
310,['O=C([O-])c1cn(C2CC2)c2cc(N3CC[NH2+]C(O)C3)c(F)cc2c1=O'],[1.],[0.50185479],0.5812250118095299,[0],Metabolite Compounds Train,morgan_fingerprint
311,['CC(C)(CO)c1nc(-c2cccc(NS(=O)(=O)c3c(F)cccc3F)c2F)c(-c2cc[n-]c(=N)n2)s1'],[1.],[0.50427151],0.5812250118095299,[0],Metabolite Compounds Train,morgan_fingerprint
312,['COC(=O)N=c1[n-]c2ccc(SCCCO)cc2[n-]1'],[0.],[0.47676308],0.5946298165432108,[0],Metabolite Compounds Train,morgan_fingerprint
313,['CCC(C)(C)C(=O)O[C@H]1C[C@](C)(O)C=C2C=C[C@H](C)[C@H](CC[C@@H]3C[C@@H](O)CC(=O)O3)[C@H]21'],[0.],[0.46802983],0.5946298165432108,[0],Metabolite Compounds Train,morgan_fingerprint
314,['CCC(C)n1ncn(-c2ccc(N3CC[N+](O)(c4ccc(OCC5COC(Cn6cncn6)(c6ccc(Cl)cc6Cl)O5)cc4)CC3)cc2)c1=O'],[1.],[0.50123494],0.5812250118095299,[0],Metabolite Compounds Train,morgan_fingerprint
315,['CCCCc1nc(Cl)c(CO)n1Cc1ccc(-c2ccc([O-])cc2-c2nn[n-]n2)c([O-])c1'],[0.],[0.48273102],0.58122501180953,[0],Metabolite Compounds Train,morgan_fingerprint
316,['CCCc1nc(C(C)(C)O)c(C(=O)[O-])n1Cc1ccc(-c2ccc([O-])cc2-c2nn[n-]n2)cc1'],[0.],[0.49521071],0.5812250118095299,[0],Metabolite Compounds Train,morgan_fingerprint
317,['CCOc1nc2c([O-])cccc2n1Cc1ccc(-c2ccccc2-c2nn[n-]n2)cc1'],[0.],[0.49903355],0.5812250118095299,[0],Metabolite Compounds Train,morgan_fingerprint
318,['O=C([O-])[NH2+]Cc1ccc(-c2ccccc2-c2nn[n-]n2)cc1'],[1.],[0.50143702],0.5812250118095299,[0],Metabolite Compounds Train,morgan_fingerprint
319,['CCOc1nc2cccc(C(=O)[O-])c2n1Cc1ccc(-c2ccccc2-c2nn[n-]n2)cc1'],[1.],[0.50241677],0.5812250118095299,[0],Metabolite Compounds Train,morgan_fingerprint
320,['CCCCC(O)=NC1(C(O)=NCc2ccc(-c3ccccc3-c3nn[n-]n3)cc2)CCCC1'],[1.],[0.50736158],0.5946298165432108,[0],Metabolite Compounds Train,morgan_fingerprint
321,['O=C([O-])[C@H](CCc1ccccc1)[NH2+]C1CCC[NH+]2CCC[C@H](C(=O)[O-])[NH+]2C1=O'],[0.],[0.49655592],0.5812250118095299,[0],Metabolite Compounds Train,morgan_fingerprint
322,['CCCc1nc(C(C)(O)CO)c(C(=O)[O-])n1Cc1ccc(-c2ccccc2-c2nn[n-]n2)cc1'],[0.],[0.49925973],0.5812250118095298,[0],Metabolite Compounds Train,morgan_fingerprint
323,['Cc1c(OCC(F)(F)F)ccnc1C[S+](O)c1nc2ccc([O-])cc2[n-]1'],[0.],[0.48672177],0.5812250118095298,[0],Metabolite Compounds Train,morgan_fingerprint
324,['COC=C1CSC2C(=NC(=O)C([NH3+])c3csc(=N)[n-]3)C(=O)[NH+]2C1C(=O)[O-]'],[0.],[0.45282604],0.5943312228437189,[0],Metabolite Compounds Train,morgan_fingerprint
325,['CC(C)c1nc(C[NH+](C)C(=O)NC(C(=O)NC(Cc2ccccc2)CC(O)C([NH3+])Cc2ccccc2)C(C)C)cs1'],[0.],[0.44236553],0.594331222843719,[0],Metabolite Compounds Train,morgan_fingerprint
326,['Cc1ccc(-c2nc3ccc(C)cn3c2CC(=O)[NH+](C)CO)cc1'],[0.],[0.46825825],0.5812250118095299,[0],Metabolite Compounds Train,morgan_fingerprint
327,['Cc1cc(/C=C\\[NH3+])cc(C)c1/N=c1\\cc[n-]c(=Nc2ccc(N)cc2)[n-]1'],[0.],[0.48242586],0.5812250118095299,[0],Metabolite Compounds Train,morgan_fingerprint
328,['CC(C)(C)NC(=O)C1C[NH2+]CC[NH+]1CC(O)CC(Cc1cccnc1)C(=O)NC1c2ccccc2CC1O'],[0.],[0.49542559],0.5812250118095299,[0],Metabolite Compounds Train,morgan_fingerprint
329,['C[NH2+]C[C@H]1CCCC[C@]1(C)c1cccc(OC)c1'],[0.],[0.44260876],0.5943312228437189,[0],Metabolite Compounds Train,morgan_fingerprint
330,['C[n+]1ccc(Oc2ccc(NC(=O)Nc3ccc(Cl)c(C(F)(F)F)c3)cc2)cc1OC(=O)[NH+](C)C'],[0.],[0.43584604],0.5943312228437188,[0],Metabolite Compounds Train,morgan_fingerprint
331,['CC(C)(Oc1ccc(C(=O)c2ccc(Cl)cc2)cc1)C(=O)[O-]'],[0.],[0.48064844],0.5812250118095299,[0],Metabolite Compounds Train,morgan_fingerprint
332,['C=CC1=C(C(=O)[O-])[NH+]2C(=O)C(NC(=O)C(=NO)c3csc(N=CO)n3)C2SC1'],[0.],[0.43754281],0.5943312228437189,[0],Metabolite Compounds Train,morgan_fingerprint
333,['COc1c(N2CC3CCC(O)[NH2+]C3C2)c(F)cc2c(=O)c(C(=O)[O-])cn(C3CC3)c12'],[0.],[0.48353205],0.5812250118095298,[0],Metabolite Compounds Train,morgan_fingerprint
334,['NC(=O)[NH+]1CCC(C(O)C(=O)[NH+]2CCC(C3c4ncc(Br)cc4CCc4cc(Cl)cc(Br)c43)CC2)CC1'],[0.],[0.47552492],0.5812250118095299,[0],Metabolite Compounds Train,morgan_fingerprint
335,['O=S1(=O)NCNc2cc(C(F)(F)F)c(S(=O)(=O)NO)cc21'],[0.],[0.48238732],0.5812250118095299,[0],Metabolite Compounds Train,morgan_fingerprint
336,['Cc1onc(-c2c(Cl)cccc2Cl)c1C(=O)NC1C(=O)[NH+]2C1SC(C)(C)C2C=O'],[0.],[0.49096954],0.5812250118095299,[0],Metabolite Compounds Train,morgan_fingerprint
337,['Cc1c[n-]c(=NC(=O)C2=C(O)c3ccccc3S(=O)(=O)[NH+]2C)s1'],[0.],[0.46629717],0.5812250118095299,[0],Metabolite Compounds Train,morgan_fingerprint
338,['CCCCc1nc(Cl)c(C=O)n1Cc1ccc(-c2ccccc2-c2nn[n-]n2)cc1'],[0.],[0.46080416],0.5812250118095299,[0],Metabolite Compounds Train,morgan_fingerprint
339,['CCC(C)(C)C(=O)OC1CC(C)CC2C=CC(C)C(CCC3CC(O)CC(=O)O3)C21'],[0.],[0.46862554],0.5812250118095299,[0],Metabolite Compounds Train,morgan_fingerprint
340,['CCCC([NH2+]C(C)C(=O)[NH+]1C(C(=O)[O-])CC2CCCCC21)C(=O)[O-]'],[0.],[0.46225811],0.5812250118095298,[0],Metabolite Compounds Train,morgan_fingerprint
341,['COc1ccc2cc(CCC(C)O)ccc2c1'],[0.],[0.45902722],0.58122501180953,[0],Metabolite Compounds Train,morgan_fingerprint
342,['Nc1c([O-])ccc2c1C[NH+](C1CCC(=O)NC1=O)C2=O'],[0.],[0.45688995],0.5812250118095299,[0],Metabolite Compounds Train,morgan_fingerprint
343,['CCCCC(=O)[NH+](Cc1ccc(-c2ccccc2-c2nn[n-]n2)cc1)[C@H](C(=O)[O-])C(C)CO'],[0.],[0.47061765],0.5812250118095298,[0],Metabolite Compounds Train,morgan_fingerprint
344,['CCOc1ccc(C(O)c2cc(C3OC(CO)C(O)C(O)C3O)ccc2Cl)cc1'],[0.],[0.42532858],0.5946298165432108,[0],Metabolite Compounds Train,morgan_fingerprint
345,['Cc1ccc(NC(=O)c2ccc(C[NH+]3CC[N+](C)(O)CC3)cc2)cc1N=c1nc(-c2cccnc2)cc[n-]1'],[0.],[0.45950744],0.5812250118095299,[0],Metabolite Compounds Train,morgan_fingerprint
346,['CC(C)(CO)NC(=O)C1C[NH+](Cc2cccnc2)CC[NH+]1CC(O)CC(Cc1ccccc1)C(=O)NC1c2ccccc2CC1O'],[0.],[0.45614148],0.5812250118095298,[0],Metabolite Compounds Train,morgan_fingerprint
347,['COC1CC2CCC(C)C(O)(O2)C(=O)C(=O)[NH+]2CCCCC2C(=O)OC(C(C)CC2CCC(O)C(OC)C2)CC(=O)C(C)=CC(C)C(O)C(OC)C(=O)C(C)CC(C)C=CC=C1C'],[0.],[0.46969432],0.5812250118095299,[0],Metabolite Compounds Train,morgan_fingerprint
348,['C[NH2+]CCC(Oc1cccc2c(OS(=O)(=O)[O-])c([O-])ccc12)c1ccco1'],[0.],[0.42156382],0.5943312228437189,[0],Metabolite Compounds Train,morgan_fingerprint
349,['COC(=O)C1CCn2c(C(=O)c3ccccc3)ccc21'],[0.],[0.45154615],0.5812250118095298,[0],Metabolite Compounds Train,morgan_fingerprint
350,['N=c1[n-]cnc2c1ncn2CCOCP(=O)(O)OCO'],[0.],[0.44131384],0.5812250118095299,[0],Metabolite Compounds Train,morgan_fingerprint
351,['CC1CN(c2c(F)cc3c(=O)c(C(=O)[O-])cn(C4CC4)c3c2[O-])CC[NH2+]1'],[0.],[0.46042101],0.5812250118095298,[0],Metabolite Compounds Train,morgan_fingerprint
352,['CC(C)(C)c1nc(-c2cccc(N)c2F)c(-c2cc[n-]c(=N)n2)s1'],[0.],[0.44350014],0.5812250118095299,[0],Metabolite Compounds Train,morgan_fingerprint
353,['CCCC(NC(=O)C1C2CCCC2C[NH+]1C(=O)C(NC(=O)C(NC(=O)c1cnccn1)C1CCCCC1)C(C)(C)C)C(O)C(=O)NC1CC1'],[0.],[0.420054],0.5943312228437189,[0],Metabolite Compounds Train,morgan_fingerprint
354,['CC(=O)Nc1ccc(S(=O)(=O)[NH+](CC(C)C)CC(O)C(Cc2ccccc2)NC(=O)OC2CCOC2)cc1'],[0.],[0.43364294],0.58122501180953,[0],Metabolite Compounds Train,morgan_fingerprint
355,['COc1ccnc(CS(=O)c2nc3cc(OC(F)F)ccc3[n-]2)c1'],[0.],[0.44303961],0.5812250118095299,[0],Metabolite Compounds Train,morgan_fingerprint
356,['CC(C)COc1ccc(-c2nc(CO)c(C(=O)[O-])s2)cc1C#N'],[0.],[0.42820021],0.5812250118095299,[0],Metabolite Compounds Train,morgan_fingerprint
357,['CCC1OC(=O)C(C)C(O)C(C)C(OC2CC(C)(OC)C(O)C(C)O2)C(C)(O)CC(C)C[NH+](C)C(O)C1(C)O'],[0.],[0.43956026],0.5812250118095299,[0],Metabolite Compounds Train,morgan_fingerprint
358,['OC(n1cncn1)C(O)(Cn1cncn1)c1ccc(F)cc1F'],[0.],[0.42871562],0.5812250118095299,[0],Metabolite Compounds Train,morgan_fingerprint
359,['CCCCc1oc2ccccc2c1C(=O)c1cc(I)c(OCC[NH2+]C)c(I)c1'],[0.],[0.43592416],0.5812250118095298,[0],Metabolite Compounds Train,morgan_fingerprint
360,['Nc1cccc2c1C(=O)[NH+](C1CCC(O)=NC1=O)C2'],[0.],[0.40831688],0.5946298165432108,[0],Metabolite Compounds Train,morgan_fingerprint
361,['NC(=O)OCC1=C(C(=O)[O-])[NH+]2C(=O)C(NC(=O)C(=NO)c3ccco3)C2SC1'],[0.],[0.44538137],0.5812250118095299,[0],Metabolite Compounds Train,morgan_fingerprint
362,['CC[NH2+]CC(=O)C1(c2ccccc2)CC1C[NH3+]'],[0.],[0.42961448],0.5812250118095299,[0],Metabolite Compounds Train,morgan_fingerprint
363,['N=c1[n-]c(=O)n(C2OC(CO)C(O)C2O)cc1F'],[0.],[0.44001188],0.5812250118095299,[0],Metabolite Compounds Train,morgan_fingerprint
364,['C=CCC1=CC(C)CC(C)CC(OC)C2OC(O)(C(=O)C(=O)[NH+]3CCCCC3C(=O)OC(C(C)=CC3CCC(O)C(O)C3)C(C)C(O)CC1=O)C(C)CC2OC'],[0.],[0.42702401],0.5812250118095298,[0],Metabolite Compounds Train,morgan_fingerprint
365,['CNC(=O)CC(NC(=O)c1ccc2ccccc2n1)C(=O)NC(Cc1ccccc1)C(O)C[NH+]1CC2CCCCC2CC1C(=O)NC(C)(C)C'],[0.],[0.42170404],0.5812250118095299,[0],Metabolite Compounds Train,morgan_fingerprint
366,['c1ccc2c(c1)[NH+]=C(N1CC[NH2+]CC1)c1ccccc1S2'],[0.],[0.42404925],0.5812250118095298,[0],Metabolite Compounds Train,morgan_fingerprint
367,['CC(O)c1nn(CCC[NH+]2CCN(c3cccc(Cl)c3)CC2)c(=O)n1CCOc1ccccc1'],[0.],[0.39978341],0.5943312228437188,[0],Metabolite Compounds Train,morgan_fingerprint
368,['CC(=O)[N-]S(=O)(=O)c1cc(C2(O)NC(=O)c3ccccc32)ccc1Cl'],[0.],[0.42982781],0.5812250118095299,[0],Metabolite Compounds Train,morgan_fingerprint
369,['CCc1cccc2c3c([nH]c12)C(CC)(CC(=O)NCC(=O)[O-])OCC3'],[0.],[0.42689042],0.5812250118095299,[0],Metabolite Compounds Train,morgan_fingerprint
370,['CC(C)C(NC(=O)[NH+](C)Cc1csc(C(C)(C)O)n1)C(=O)NC(Cc1ccccc1)CC(O)C(Cc1ccccc1)NC(=O)OCc1cncs1'],[0.],[0.42044916],0.5812250118095299,[0],Metabolite Compounds Train,morgan_fingerprint
371,['CC[NH+](CC)CC=NC(=O)c1c(C)[nH]c(Cc2c([O-])[n-]c3ccc(F)cc23)c1CO'],[0.],[0.42682554],0.5812250118095299,[0],Metabolite Compounds Train,morgan_fingerprint
372,['Cc1cc(C#N)cc(C)c1Oc1nc(Nc2ccc(N)cc2)[n-]c(=N)c1Br'],[0.],[0.40944922],0.5812250118095299,[0],Metabolite Compounds Train,morgan_fingerprint
373,['Cc1nc2n(c(=O)c1CC[N+]1(O)CCC(c3noc4cc(F)ccc34)CC1)CCCC2'],[0.],[0.40844054],0.5812250118095298,[0],Metabolite Compounds Train,morgan_fingerprint
374,['COC=C1CSC2C(=NC(=O)C([NH2+]OC)c3csc(=N)[n-]3)C(=O)[NH+]2C1'],[0.],[0.43998108],0.5812250118095299,[0],Metabolite Compounds Train,morgan_fingerprint
375,['CCOc1ccc(Cc2cc([C@@H]3O[C@H](CO)[C@@H](O)[C@H](O)[C@H]3O)ccc2Cl)cc1OC'],[0.],[0.42000713],0.5812250118095299,[0],Metabolite Compounds Train,morgan_fingerprint
376,['CON=C1CN(c2nc3c(cc2F)c(=O)c(C(=O)[O-])cn3C2CC2)CC1C(=O)[O-]'],[0.],[0.42566482],0.5812250118095299,[0],Metabolite Compounds Train,morgan_fingerprint
377,['OCCCCc1nc(Cl)c(CO)n1Cc1ccc(-c2ccccc2-c2nn[n-]n2)cc1'],[0.],[0.41495578],0.5812250118095299,[0],Metabolite Compounds Train,morgan_fingerprint
378,['NS(=O)(=O)c1cc2c(cc1C(F)(F)F)[NH+](C=O)CNS2(=O)=O'],[0.],[0.43599379],0.5812250118095299,[0],Metabolite Compounds Train,morgan_fingerprint
379,['CC(=O)[NH+]1CC[NH+](c2ccc(OCC3COC(Cn4ccnc4)(c4ccc(Cl)cc4Cl)O3)cc2)C(O)C1'],[0.],[0.44027496],0.5812250118095298,[0],Metabolite Compounds Train,morgan_fingerprint
380,['C[NH2+]CCC(Oc1ccc(C(F)(F)F)c([O-])c1)c1ccccc1'],[0.],[0.41447097],0.5812250118095299,[0],Metabolite Compounds Train,morgan_fingerprint
381,['CCn1cc(C(=O)[O-])c(=O)c2cc(F)c(N3CC[NH2+]C(C(=O)[O-])C3)cc21'],[0.],[0.41373496],0.5812250118095299,[0],Metabolite Compounds Train,morgan_fingerprint
382,['COc1cc2c(=Nc3ccc(Br)cc3F)[n-]cnc2cc1OCC1CC[N+](C)(O)CC1'],[0.],[0.40815518],0.5812250118095299,[0],Metabolite Compounds Train,morgan_fingerprint
383,['CC(C)C[NH2+]CC(O)C(Cc1ccccc1)NC(=O)OC1CCOC1'],[0.],[0.40705948],0.5812250118095299,[0],Metabolite Compounds Train,morgan_fingerprint
384,['Cc1nc(=Nc2ncc(C(=O)Nc3c(C)cccc3Cl)s2)cc(N2CC[NH+](CC(=O)[O-])CC2)[n-]1'],[0.],[0.3989041],0.5812250118095298,[0],Metabolite Compounds Train,morgan_fingerprint
385,['O=C(OC1C[N+]2(O)CCC1CC2)[NH+]1CCc2ccccc2C1c1ccccc1'],[0.],[0.40453144],0.5812250118095299,[0],Metabolite Compounds Train,morgan_fingerprint
386,['Nc1cc2c(cc1S(N)(=O)=O)S(=O)(=O)NCN2'],[0.],[0.41132102],0.5812250118095299,[0],Metabolite Compounds Train,morgan_fingerprint
387,['CO[C@]1(C)C[C@@H](C)C(=O)[C@H](C)[C@@H](O)[C@](C)(O)[C@@H](C(C)O)OC(=O)[C@H](C)[C@@H](O[C@H]2C[C@@](C)(OC)[C@@H](O)[C@H](C)O2)[C@H](C)[C@H]1O[C@@H]1O[C@H](C)C[C@H]([NH+](C)C)[C@H]1O'],[0.],[0.4040302],0.5812250118095299,[0],Metabolite Compounds Train,morgan_fingerprint
388,['CC1CC2=CC(=O)C=CC2N1[N-]C(=O)c1ccc(Cl)c(S(N)(=O)=O)c1'],[0.],[0.40001399],0.5812250118095299,[0],Metabolite Compounds Train,morgan_fingerprint
389,['Cc1cc(C=CC#N)cc(C)c1/N=c1\\cc[n-]c(=Nc2ccc(N)cc2)[n-]1'],[0.],[0.41886282],0.5812250118095299,[0],Metabolite Compounds Train,morgan_fingerprint
390,['C[NH+]1CC[NH+](Cc2ccc(C(=O)NC3=CC(N=c4nc(-c5cccnc5)cc[n-]4)C(CO)C=C3)cc2)CC1'],[0.],[0.43018835],0.5812250118095299,[0],Metabolite Compounds Train,morgan_fingerprint
391,['OC(CN1C=[NH+]C[NH2+]1)(Cn1cncn1)c1ccc(F)cc1F'],[0.],[0.3977431],0.5812250118095299,[0],Metabolite Compounds Train,morgan_fingerprint
392,['COCCCOc1cc(CC(CC([NH3+])C(O)CC(C(N)=O)C(C)C)C(C)C)ccc1OC'],[0.],[0.39680419],0.5812250118095299,[0],Metabolite Compounds Train,morgan_fingerprint
393,['CCC[NH2+]C[C@H](O)COc1cc([O-])ccc1C(=O)CCc1ccccc1'],[0.],[0.39708531],0.5812250118095299,[0],Metabolite Compounds Train,morgan_fingerprint
394,['CN(C)c1ccc([O-])c2c1CC1CC3C([NH3+])C(=O)C(C(N)=O)C(=O)C3(O)C(=O)C21'],[0.],[0.40357238],0.5812250118095299,[0],Metabolite Compounds Train,morgan_fingerprint
395,['[NH3+][C@@H](CCC(=O)N[C@@H](CS)C(=O)N[C@@H]1C(=O)[NH+]2C(C(=O)[O-])=C(Cl)CS[C@H]12)c1ccccc1'],[0.],[0.40587899],0.5812250118095298,[0],Metabolite Compounds Train,morgan_fingerprint
396,['CCCC([NH2+]C(C)C(=O)[NH+]1C(C(=O)[O-])CC2CCCCC21)C(=O)OC'],[0.],[0.41874403],0.5812250118095299,[0],Metabolite Compounds Train,morgan_fingerprint
397,['COc1ccc2cc(C(C)C=O)ccc2c1'],[0.],[0.40161247],0.5812250118095299,[0],Metabolite Compounds Train,morgan_fingerprint
398,['CC(C)(C)[C@H]([NH3+])C(=O)[N-]N(Cc1ccc(-c2ccccn2)cc1)C[C@H](O)[C@H](Cc1ccccc1)NC(=O)[C@@H]([NH3+])C(C)(C)C'],[0.],[0.38973628],0.5812250118095299,[0],Metabolite Compounds Train,morgan_fingerprint
399,['CC(C)c1nc(C[NH+]=C(O)N[C@H](CC[NH+]2CCOCC2)C(=O)N[C@H](CC[C@H](Cc2ccccc2)N=C(O)OCc2cncs2)Cc2ccccc2)cs1'],[0.],[0.39665246],0.5812250118095298,[0],Metabolite Compounds Train,morgan_fingerprint
400,['N=c1[n-]c(N)ccc1Nc1ccc(N)cc1'],[0.],[0.39230002],0.5812250118095299,[0],Metabolite Compounds Train,morgan_fingerprint
401,['c1ccc2c(N3CC[NH2+]CC3)nsc2c1'],[0.],[0.38606807],0.5812250118095299,[0],Metabolite Compounds Train,morgan_fingerprint
402,['CCC(C)C(=O)OC1CC(C)CC2C=CC(C)C(CCC(O)CC(O)CC(=O)[O-])C21'],[0.],[0.39150509],0.5812250118095299,[0],Metabolite Compounds Train,morgan_fingerprint
403,['CC(O)[C@H](C)n1ncn(-c2ccc(N3CCN(c4ccc(OCC5COC(Cn6cncn6)(c6ccc(Cl)cc6Cl)O5)cc4)CC3)cc2)c1=O'],[0.],[0.38250284],0.5812250118095299,[0],Metabolite Compounds Train,morgan_fingerprint
404,['CC[NH+](C)C(=O)Oc1cccc(C(C)=O)c1'],[0.],[0.3818347],0.5812250118095299,[0],Metabolite Compounds Train,morgan_fingerprint
405,['CC1Cc2cc([O-])ccc2N1[N-]C(=O)c1ccc(Cl)c(S(N)(=O)=O)c1'],[0.],[0.39770026],0.5812250118095299,[0],Metabolite Compounds Train,morgan_fingerprint
406,['COc1ccc2[nH]c(C)c(CC(=O)[O-])c2c1'],[0.],[0.39561724],0.5812250118095299,[0],Metabolite Compounds Train,morgan_fingerprint
407,['O=C1CCC([NH+]2C(=O)c3cccc([O-])c3C2=O)C(=O)N1'],[0.],[0.40061255],0.5812250118095299,[0],Metabolite Compounds Train,morgan_fingerprint
408,['C[NH+]1C(CSCC(F)(F)F)[NH2+]c2cc(Cl)c(S(N)(=O)=O)cc2S1=O'],[0.],[0.37972316],0.5812250118095299,[0],Metabolite Compounds Train,morgan_fingerprint
409,['CC(C)(C(=O)[O-])c1nc(-c2cccc(NS(=O)(=O)c3c(F)cccc3F)c2F)c(-c2cc[n-]c(=N)n2)s1'],[0.],[0.40918244],0.5812250118095299,[0],Metabolite Compounds Train,morgan_fingerprint
410,['COCCCOc1ccnc(CSc2nc3ccccc3[n-]2)c1C'],[0.],[0.41315312],0.5812250118095299,[0],Metabolite Compounds Train,morgan_fingerprint
411,['CON=C1CN(c2nc3c(cc2F)c(=O)c(C(=O)[O-])cn3C2CC2)C[C@@H]1C=O'],[0.],[0.3832356],0.5812250118095298,[0],Metabolite Compounds Train,morgan_fingerprint
412,['O=C(CCc1ccccc1)c1ccccc1OCC(O)CO'],[0.],[0.38599682],0.5812250118095298,[0],Metabolite Compounds Train,morgan_fingerprint
413,['CC[NH+](CC)C(=O)C1(c2ccccc2)CC1CNC=O'],[0.],[0.39145569],0.58122501180953,[0],Metabolite Compounds Train,morgan_fingerprint
414,['CN(c1ccc(CC[NH+](C)CCOc2ccc(NS(C)(=O)=O)cc2)cc1)S(C)(=O)=O'],[0.],[0.39481895],0.5812250118095299,[0],Metabolite Compounds Train,morgan_fingerprint
415,['Cc1ccc(-c2nc3ccc(CO)cn3c2CC(=O)[NH+](C)C)cc1'],[0.],[0.3831952],0.5812250118095299,[0],Metabolite Compounds Train,morgan_fingerprint
416,['COc1c(N2CC([NH3+])C(CCC[NH3+])C2)c(F)cc2c(=O)c(C(=O)[O-])cn(C3CC3)c12'],[0.],[0.39264038],0.5812250118095299,[0],Metabolite Compounds Train,morgan_fingerprint
417,['CC(C)(Oc1ccc(CCNC(=O)c2ccc(Cl)cc2)cc1)C(=O)NCC(=O)[O-]'],[0.],[0.3902439],0.5812250118095299,[0],Metabolite Compounds Train,morgan_fingerprint
418,['CCC[NH+]1CC(CSC)CC2c3cccc4[nH]cc(c34)C21'],[0.],[0.37274363],0.5812250118095299,[0],Metabolite Compounds Train,morgan_fingerprint
419,['CCCC([NH2+]C(C)C(=O)[NH+]1C(C(=O)[O-])CC2CCC(O)CC21)C(=O)OCC'],[0.],[0.3806341],0.5812250118095299,[0],Metabolite Compounds Train,morgan_fingerprint
420,['CCCc1nc2c(C)cc(-c3nc4cc([O-])ccc4n3C)cc2n1Cc1ccc(-c2ccccc2C(=O)[O-])cc1'],[0.],[0.38619107],0.5812250118095299,[0],Metabolite Compounds Train,morgan_fingerprint
421,['O=C([O-])C(c1ccccc1Cl)[NH+]1CCc2sccc2C1'],[0.],[0.38343025],0.5812250118095299,[0],Metabolite Compounds Train,morgan_fingerprint
422,['CC(C)(C)C#CC=CC[NH2+]Cc1cccc2ccccc12'],[0.],[0.38168549],0.5812250118095299,[0],Metabolite Compounds Train,morgan_fingerprint
423,['COC1CC2CCC(C)C(O)(O2)C(=O)C(=O)[NH+]2CCCCC2C(=O)OC(C(C)CC2CCC(O)C(OC)C2)CC(=O)C(C)=CC(C)C(O)C(=O)C(C)CC(C)C=CC=C1C'],[0.],[0.38385872],0.5812250118095298,[0],Metabolite Compounds Train,morgan_fingerprint
424,['[NH3+]CC1(CC(=O)[O-])CCCCC1'],[0.],[0.38577997],0.5812250118095298,[0],Metabolite Compounds Train,morgan_fingerprint
425,['CC(OC(=O)N(C)c1ncccc1CO)[n+]1cnn(CC(O)(c2cc(F)ccc2F)C(C)c2nc(-c3ccc(C#N)cc3)cs2)c1'],[0.],[0.37783595],0.5812250118095299,[0],Metabolite Compounds Train,morgan_fingerprint
426,['CCC1OC(=O)C(C)C(OC2CC(C)(OC)C(O)C(C)O2)C(C)C(OC2OC(C)CC([NH2+]C)C2O)C(C)(O)CC(C)C[NH+](C)C(C)C(O)C1(C)O'],[0.],[0.3781463],0.5812250118095299,[0],Metabolite Compounds Train,morgan_fingerprint
427,['O=C(C[NH2+]CC(O)C1CCc2cc(F)ccc2O1)C1CCc2cc(F)ccc2O1'],[0.],[0.36715233],0.5812250118095299,[0],Metabolite Compounds Train,morgan_fingerprint
428,['COc1cc2[n-]cnc(=Nc3ccc(F)c(Cl)c3)c2cc1OCCC(=O)[O-]'],[0.],[0.37699032],0.5812250118095299,[0],Metabolite Compounds Train,morgan_fingerprint
429,['C[NH+]1CCN(c2c(F)cc3c(=O)c(C(=O)[O-])cn4c3c2OCC4CO)CC1'],[0.],[0.38337847],0.5812250118095298,[0],Metabolite Compounds Train,morgan_fingerprint
430,['Cc1ccc(C(=O)Nc2cc(-n3cnc(C(=O)[O-])c3)cc(C(F)(F)F)c2)cc1N=c1nc(-c2cccnc2)cc[n-]1'],[0.],[0.37873069],0.5812250118095298,[0],Metabolite Compounds Train,morgan_fingerprint
431,['O=C(NC(CC(=O)[NH+]1CCn2c(nnc2C(F)(F)F)C1)Cc1cc(F)c(F)cc1F)C(O)C(F)(F)F'],[0.],[0.37302184],0.5812250118095299,[0],Metabolite Compounds Train,morgan_fingerprint
432,['O=C([O-])Cc1ccc(CCOc2ccc(Cc3sc(=O)[n-]c3[O-])cc2)nc1'],[0.],[0.37026775],0.5812250118095298,[0],Metabolite Compounds Train,morgan_fingerprint
433,['CC(Oc1cc(-c2cnn(C3CCNC(=O)C3)c2)c[n-]c1=N)c1c(Cl)ccc(F)c1Cl'],[0.],[0.35863895],0.5812250118095299,[0],Metabolite Compounds Train,morgan_fingerprint
434,['C[N+]1(O)CC[NH+](C(=O)Oc2c3nccnc3c([O-])n2-c2ccc(Cl)cn2)CC1'],[0.],[0.39085363],0.5812250118095299,[0],Metabolite Compounds Train,morgan_fingerprint
435,['COc1ccc2c(c1)c(CC(=O)NC(C)C(=O)[O-])c(C)n2C(=O)c1ccc(Cl)cc1'],[0.],[0.37324235],0.5812250118095299,[0],Metabolite Compounds Train,morgan_fingerprint
436,['CC[C@H](C)C(=O)O[C@H]1CCC=C2C=C(O)[C@H](C)[C@H](CC[C@@H](O)C[C@@H](O)CC(=O)[O-])[C@H]21'],[0.],[0.3718925],0.5812250118095299,[0],Metabolite Compounds Train,morgan_fingerprint
437,['CCOc1ccc(Cc2cc([C@@H]3O[C@H](CO)[C@@H](O)[C@H](O)[C@H]3O)ccc2Cl)cc1OC1O[C@H](CO)[C@@H](O)[C@H](O)[C@H]1O'],[0.],[0.38678394],0.5812250118095299,[0],Metabolite Compounds Train,morgan_fingerprint
438,['CO/N=C(\\C(O)=N[C@@H]1C(=O)[NH+]2C(C(=O)[O-])=C(C=O)CS[C@H]12)c1csc(=N)[n-]1'],[0.],[0.38857112],0.5812250118095299,[0],Metabolite Compounds Train,morgan_fingerprint
439,['Cc1c[n-]c(=NC(=O)C2NS(=O)(=O)c3ccccc3C2=O)[n-]1'],[0.],[0.37915859],0.5812250118095299,[0],Metabolite Compounds Train,morgan_fingerprint
440,['CC(=O)Nc1cccc(-n2c(=O)n(C3CC3)c(=O)c3c(Nc4ccc(NC(C)=O)cc4F)n(C)c(=O)c(C)c32)c1'],[0.],[0.364816],0.5812250118095299,[0],Metabolite Compounds Train,morgan_fingerprint
441,['O=S1c2ccccc2[NH+]=C(N2CC[NH+](CCOCCO)CC2)c2ccccc21'],[0.],[0.36499346],0.5812250118095299,[0],Metabolite Compounds Train,morgan_fingerprint
442,['CC(C)c1c(C(=O)Nc2ccccc2)c(-c2ccccc2)c(-c2ccc(F)cc2)n1CCC(O)CC(=O)[O-]'],[0.],[0.37793251],0.5812250118095299,[0],Metabolite Compounds Train,morgan_fingerprint
443,['O=C(OC1C[NH+]2CCC1CC2O)[NH+]1CCc2ccccc2C1c1ccccc1'],[0.],[0.36890998],0.5812250118095299,[0],Metabolite Compounds Train,morgan_fingerprint
444,['CCC[NH+](CCC)CCc1cccc2[nH]c(OC)cc12'],[0.],[0.3653071],0.5812250118095299,[0],Metabolite Compounds Train,morgan_fingerprint
445,['CCCCC1=[NH+]C2(CCC(O)C2)C(=O)N1Cc1ccc(-c2ccccc2-c2nn[n-]n2)cc1'],[0.],[0.35819688],0.5812250118095299,[0],Metabolite Compounds Train,morgan_fingerprint
446,['CCCc1nc2c(C)cc(-c3nc4ccc([O-])cc4n3C)cc2n1Cc1ccc(-c2ccccc2C(=O)[O-])cc1'],[0.],[0.36705442],0.5812250118095299,[0],Metabolite Compounds Train,morgan_fingerprint
447,['C[NH2+]CCCC1(c2ccc(F)cc2)OCc2cc(C#N)ccc21'],[0.],[0.3564865],0.5812250118095298,[0],Metabolite Compounds Train,morgan_fingerprint
448,['Cc1onc(-c2c(Cl)cccc2Cl)c1C(=O)NC1C(=O)[NH+]2C(C(=O)[O-])C(C)(C)SC12O'],[0.],[0.37660139],0.5812250118095298,[0],Metabolite Compounds Train,morgan_fingerprint
449,['CCCSc1ccc2[n-]c(=N)[n-]c2c1'],[0.],[0.36849569],0.5812250118095299,[0],Metabolite Compounds Train,morgan_fingerprint
450,['Cc1ccc(NC(=O)c2ccc(C[NH+]3CC[NH2+]CC3)cc2)cc1N=c1nc(C2=C[NH+](O)CC=C2)cc[n-]1'],[0.],[0.35544605],0.5812250118095299,[0],Metabolite Compounds Train,morgan_fingerprint
451,['COC1C=CC=CC=CC(C)CC(C)C(=O)C(OC)C(O)C(C)C=C(C)C(=O)CC(C(C)CC2CCC(OCCO)C(OC)C2)OC(=O)C2CCCC[NH+]2C(=O)C(=O)C2(O)OC(CCC2C)C1'],[0.],[0.37081566],0.5812250118095298,[0],Metabolite Compounds Train,morgan_fingerprint
452,['Cc1nc2n(c(=O)c1CC[NH+]1CCC(c3noc4cc(F)ccc34)CC1)CCC(O)C2'],[0.],[0.35356443],0.5812250118095299,[0],Metabolite Compounds Train,morgan_fingerprint
453,['CN(C)c1ccc([O-])c2c1CC1CC3C(O)(C(N)=O)C(=O)C3(O)C(=O)C1C2=O'],[0.],[0.37669072],0.5812250118095299,[0],Metabolite Compounds Train,morgan_fingerprint
454,['Clc1ccc(C2(Cn3ccnc3)OCC(COc3ccc(N4CC[NH2+]CC4)cc3)O2)c(Cl)c1'],[0.],[0.35841158],0.5812250118095299,[0],Metabolite Compounds Train,morgan_fingerprint
455,['CC(C)CC(C[NH3+])CC(=O)NC(C)C(=O)[O-]'],[0.],[0.36415634],0.5812250118095299,[0],Metabolite Compounds Train,morgan_fingerprint
456,['Cc1ccsc1C(=CCC[NH+]1CCCC(C(=O)NC(CCC(=O)[O-])C(=O)[O-])C1)c1sccc1C'],[0.],[0.35214028],0.5812250118095299,[0],Metabolite Compounds Train,morgan_fingerprint
457,['COc1ccnc(CS(=O)(=O)c2nc3cc(OC(F)F)ccc3[n-]2)c1OC'],[0.],[0.3640691],0.5812250118095299,[0],Metabolite Compounds Train,morgan_fingerprint
458,['NC(=O)[NH+]1CCC(CC(=O)[NH+]2CCC(C3c4ncc(Br)cc4CCc4cc(Cl)cc(Br)c43)CC2)C(O)C1'],[0.],[0.36959257],0.5812250118095299,[0],Metabolite Compounds Train,morgan_fingerprint
459,['C[NH+]1c2cc(Cl)c(S(N)(=O)=O)cc2S(=O)(=O)[NH+](C(=O)[O-])C1CSCC(F)(F)F'],[0.],[0.35479364],0.5812250118095299,[0],Metabolite Compounds Train,morgan_fingerprint
460,['C=CCC1=C[C@H](C)C[C@H](C)C[C@H](OC)[C@H]2O[C@@](O)(C(=O)C(=O)[NH+]3CCCC[C@H]3C(=O)O[C@H](/C(C)=C/[C@@H]3CC[C@@H](O)[C@H](OC)C3)[C@H](C)[C@@H](O)CC1=O)[C@H](C)C[C@@H]2O'],[0.],[0.34571572],0.5812250118095299,[0],Metabolite Compounds Train,morgan_fingerprint
461,['CC(c1cccc(OC(=O)[NH+](C)C)c1)[NH+](C)C'],[0.],[0.36098142],0.5812250118095298,[0],Metabolite Compounds Train,morgan_fingerprint
462,['CCCCc1nc(Cl)c(C(=O)[O-])n1Cc1ccc(-c2ccccc2-c2nn[n-]n2)cc1'],[0.],[0.35867095],0.5812250118095298,[0],Metabolite Compounds Train,morgan_fingerprint
463,['O=C(c1cccc([O-])c1)c1ccc2n1CCC2C(=O)[O-]'],[0.],[0.35296809],0.5812250118095299,[0],Metabolite Compounds Train,morgan_fingerprint
464,['CC(C)C[NH+](CC(O)C(Cc1ccccc1)NC(=O)OC1CCOC1)[SH](=O)=O'],[0.],[0.3578578],0.5812250118095299,[0],Metabolite Compounds Train,morgan_fingerprint
465,['Cc1nc(=Nc2ncc(C(=O)Nc3c(C)cccc3Cl)o2)cc(N2CC[NH+](CCO)CC2)[n-]1'],[0.],[0.34017799],0.5812250118095299,[0],Metabolite Compounds Train,morgan_fingerprint
466,['C=C(c1ccc(C(=O)[O-])cc1)c1cc2c(cc1C)C(C)(C)CCC2(C)O'],[0.],[0.33710649],0.5812250118095299,[0],Metabolite Compounds Train,morgan_fingerprint
467,['N=c1[n-]c(=N)c2nc(-c3ccccc3)c(=N)n(C3OC(CO)C(O)C3O)c2[n-]1'],[0.],[0.35873608],0.5812250118095299,[0],Metabolite Compounds Train,morgan_fingerprint
468,['O=C1CCC(c2ccc(Cl)c(Cl)c2)c2ccccc21'],[0.],[0.36169401],0.5812250118095299,[0],Metabolite Compounds Train,morgan_fingerprint
469,['CO[C@]1(C)C[C@H](O[C@H]2[C@H](C)[C@@H](O[C@@H]3O[C@H](C)C[C@H]([NH+](C)C)[C@H]3O)[C@](C)(O)[C@@H](C(C)C(=O)[O-])OC(=O)[C@@H]2C)O[C@@H](C)[C@@H]1O'],[0.],[0.34336208],0.5812250118095298,[0],Metabolite Compounds Train,morgan_fingerprint
470,['Cc1cc(C#N)cc(C)c1Oc1[n-]c(=O)[n-]c(=N)c1Br'],[0.],[0.35180336],0.5812250118095299,[0],Metabolite Compounds Train,morgan_fingerprint
471,['CC(C)(Oc1ccc(C(=O)C2=CCC(Cl)=CC2)cc1)C(=O)[O-]'],[0.],[0.34218884],0.5812250118095299,[0],Metabolite Compounds Train,morgan_fingerprint
472,['OC[C@@H](c1ncncc1F)[C@](O)(Cn1cncn1)c1ccc(F)cc1F'],[0.],[0.35098798],0.5812250118095298,[0],Metabolite Compounds Train,morgan_fingerprint
473,['CC(C)(C)NC(=O)C1C[NH+](Cc2cccnc2)CC[NH+]1CC(O)CC(Cc1ccccc1)C(=O)[O-]'],[0.],[0.36347581],0.5812250118095299,[0],Metabolite Compounds Train,morgan_fingerprint
474,['O=c1n(C2CC[NH2+]CC2)cnn1-c1ccc(N2CCN(c3ccc(OCC4COC(Cn5cncn5)(c5ccc(Cl)cc5Cl)O4)cc3)CC2)cc1'],[0.],[0.34525875],0.5812250118095299,[0],Metabolite Compounds Train,morgan_fingerprint
475,['CC1CN(c2c(F)cc3c(=O)c(C(=O)[O-])cn(C)c3c2F)CC[NH2+]1'],[0.],[0.34132939],0.5812250118095298,[0],Metabolite Compounds Train,morgan_fingerprint
476,['C[NH+]1CC[NH+](C(=O)Oc2c3ncc([O-])nc3c([O-])n2-c2ccc(Cl)cn2)CC1'],[0.],[0.35661985],0.58122501180953,[0],Metabolite Compounds Train,morgan_fingerprint
477,['CC1=C(/C=C/C(C)=C/C=C/C(C)=C/C=O)C(C)(C)CCC1'],[0.],[0.33789898],0.5812250118095299,[0],Metabolite Compounds Train,morgan_fingerprint
478,['CC(C)c1nc(C[NH+](C)C(=O)NC(CC[NH+]2CCOCC2)C(=O)NC(CCC(Cc2ccccc2)NC(=O)OC(O)c2cncs2)c2ccccc2)cs1'],[0.],[0.35158707],0.5812250118095298,[0],Metabolite Compounds Train,morgan_fingerprint
479,['O=C1CN=C(c2ccccc2)c2cc(Cl)ccc2N1O'],[0.],[0.33878335],0.5812250118095299,[0],Metabolite Compounds Train,morgan_fingerprint
480,['N=c1[n-]c(=O)n(C2CSC(C(=O)[O-])O2)cc1F'],[0.],[0.33369185],0.5812250118095299,[0],Metabolite Compounds Train,morgan_fingerprint
481,['N=c1[n-]c(C(=NO)C(=O)NC2C(=O)[NH+]3C(C(=O)[O-])=C(C=CO)CSC23)cs1'],[0.],[0.3605634],0.5812250118095299,[0],Metabolite Compounds Train,morgan_fingerprint
482,['NC(=O)N1c2ccccc2C=Cc2ccc([O-])cc21'],[0.],[0.3262513],0.5812250118095299,[0],Metabolite Compounds Train,morgan_fingerprint
483,['COC(=O)NC(C(=O)NC(Cc1ccccc1)C(O)C[NH2+]Cc1ccc(-c2ccccn2)cc1)C(C)(C)C'],[0.],[0.34198478],0.5812250118095299,[0],Metabolite Compounds Train,morgan_fingerprint
484,['Cc1onc(-c2c(Cl)cccc2Cl)c1C(=O)NC1SC(C)(C)C(C(=O)[O-])NC1=O'],[0.],[0.33299444],0.5812250118095299,[0],Metabolite Compounds Train,morgan_fingerprint
485,['COc1cc2c(=Nc3ccc(Br)cc3F)[n-]cnc2cc1OCC1CC[NH2+]CC1'],[0.],[0.35263274],0.5812250118095299,[0],Metabolite Compounds Train,morgan_fingerprint
486,['OCC1OC(c2ccc(Cl)c(Cc3ccc(OC4CCOC4)cc3)c2)C(OC2O[C@H](CO)[C@@H](O)[C@H](O)[C@H]2O)C(O)C1O'],[0.],[0.33042067],0.5812250118095299,[0],Metabolite Compounds Train,morgan_fingerprint
487,['O=C(c1ccccc1)c1ccc2n1CCC2C(=O)NCC(O)C(O)C(O)CO'],[0.],[0.33361594],0.5812250118095298,[0],Metabolite Compounds Train,morgan_fingerprint
488,['CCC[NH+](CCC)CCc1cccc2[n-]c([O-])c(C(=O)[O-])c12'],[0.],[0.35788447],0.5812250118095298,[0],Metabolite Compounds Train,morgan_fingerprint
489,['N=c1[n-]c(N)ccc1N=Nc1ccc(N=Nc2ccccc2)[n-]c1=N'],[0.],[0.32529817],0.5812250118095299,[0],Metabolite Compounds Train,morgan_fingerprint
490,['CC1COc2c(N3CC[NH+](C)C(O)C3)c(F)cc3c(=O)c(C(=O)[O-])cn1c23'],[0.],[0.34022604],0.5812250118095299,[0],Metabolite Compounds Train,morgan_fingerprint
491,['C[NH+](CC=CC#CC(C)(C)CO)Cc1cccc2ccccc12'],[0.],[0.33721962],0.5812250118095299,[0],Metabolite Compounds Train,morgan_fingerprint
492,['C[NH2+]CCC(Oc1ccc([O-])c2ccccc12)c1cccs1'],[0.],[0.33817306],0.5812250118095299,[0],Metabolite Compounds Train,morgan_fingerprint
493,['CCC(C)C(=O)OC1CC(O)C=C2C=CC(C)C(CCC3CC(O)CC(=O)O3)C21'],[0.],[0.33731387],0.58122501180953,[0],Metabolite Compounds Train,morgan_fingerprint
494,['[O-]c1cc2nsnc2c(NC2=[NH+]CCN2)c1Cl'],[0.],[0.35177418],0.5812250118095299,[0],Metabolite Compounds Train,morgan_fingerprint
495,['Nc1ccc([O-])c2c1C(=O)[NH+](C1CCC(=O)NC1=O)C2=O'],[0.],[0.35030888],0.5812250118095299,[0],Metabolite Compounds Train,morgan_fingerprint
496,['CCCCc1oc2ccccc2c1C(=O)c1cc(I)c(OCC[NH2+]CC)c(I)c1'],[0.],[0.35076836],0.5812250118095298,[0],Metabolite Compounds Train,morgan_fingerprint
497,['CC(C)c1nc(N(C)S(C)(=O)=O)nc(-c2ccc(F)cc2)c1C=CC(CC(O)CC(=O)[O-])OC1O[C@H](CO)[C@@H](O)[C@H](O)[C@H]1O'],[0.],[0.34228697],0.58122501180953,[0],Metabolite Compounds Train,morgan_fingerprint
498,['Cc1ccsc1C(=CCC[NH+]1CCCC(C(=O)SCC([NH3+])C(=O)[O-])C1)c1sccc1C'],[0.],[0.33643673],0.5812250118095298,[0],Metabolite Compounds Train,morgan_fingerprint
499,['COc1cc[n+](CS(=O)c2nc3cc(OC(F)F)ccc3[n-]2)c(C[S@@](=O)c2nc3cc(OC(F)F)ccc3[n-]2)c1OC'],[0.],[0.32838788],0.5812250118095299,[0],Metabolite Compounds Train,morgan_fingerprint
500,['CC(=O)OC(=O)OC(C)OC(=O)C(C)(C)C'],[0.],[0.33374905],0.5812250118095299,[0],Metabolite Compounds Train,morgan_fingerprint
